job_id,title,company,added_at,source,job_category,date
linkedin_4410880987,Software/IT Role,Unknown,2026-05-08T14:21:08.872115,LinkedIn,Software / Tech,2026-05-08
linkedin_4402616840,Software/IT Role,Unknown,2026-05-08T14:21:08.875827,LinkedIn,Software / Tech,2026-05-08
linkedin_4400118591,Software/IT Role,Unknown,2026-05-08T14:21:08.877014,LinkedIn,Software / Tech,2026-05-08
linkedin_4070562291,Software/IT Role,Unknown,2026-05-08T14:21:08.877617,LinkedIn,Software / Tech,2026-05-08
linkedin_4402675406,Software/IT Role,Unknown,2026-05-08T14:21:08.878132,LinkedIn,Software / Tech,2026-05-08
linkedin_4345232620,Software/IT Role,Unknown,2026-05-08T14:21:08.878631,LinkedIn,Software / Tech,2026-05-08
linkedin_4409043032,Software/IT Role,Unknown,2026-05-08T14:21:08.879183,LinkedIn,Software / Tech,2026-05-08
linkedin_4380810795,Software/IT Role,Unknown,2026-05-08T14:21:08.880225,LinkedIn,Software / Tech,2026-05-08
linkedin_4402649811,Software/IT Role,Unknown,2026-05-08T14:21:08.880773,LinkedIn,Software / Tech,2026-05-08
linkedin_4411639069,Software/IT Role,Unknown,2026-05-08T14:21:08.881307,LinkedIn,Software / Tech,2026-05-08
linkedin_4411002212,Software/IT Role,Unknown,2026-05-08T14:21:08.881837,LinkedIn,Software / Tech,2026-05-08
linkedin_4411850356,Software/IT Role,Unknown,2026-05-08T14:21:08.882379,LinkedIn,Software / Tech,2026-05-08
linkedin_4411841774,Software/IT Role,Unknown,2026-05-08T14:21:08.882946,LinkedIn,Software / Tech,2026-05-08
linkedin_4411648905,Software/IT Role,Unknown,2026-05-08T14:21:08.883452,LinkedIn,Software / Tech,2026-05-08
linkedin_4410876960,Software/IT Role,Unknown,2026-05-08T14:21:08.890925,LinkedIn,Software / Tech,2026-05-08
linkedin_4411201525,Software/IT Role,Unknown,2026-05-08T14:21:08.891515,LinkedIn,Software / Tech,2026-05-08
linkedin_4370843677,Software/IT Role,Unknown,2026-05-08T14:21:08.892025,LinkedIn,Software / Tech,2026-05-08
linkedin_4410879877,Software/IT Role,Unknown,2026-05-08T14:21:08.892499,LinkedIn,Software / Tech,2026-05-08
linkedin_4411851446,Software/IT Role,Unknown,2026-05-08T14:21:08.894654,LinkedIn,Software / Tech,2026-05-08
linkedin_4399994730,Software/IT Role,Unknown,2026-05-08T14:21:08.895165,LinkedIn,Software / Tech,2026-05-08
linkedin_4402634593,FPGA Development Tools Engineer,Altera,2026-05-08T15:03:07.952183,LinkedIn,Software / Tech,2026-05-08
linkedin_4331572328,Interoperability Architect - Health Care and Life Sciences,Accenture,2026-05-08T15:03:07.957295,LinkedIn,Other,2026-05-08
linkedin_4411850355,Clinical Systems Analyst,Alignerr,2026-05-08T15:03:07.958484,LinkedIn,Health Informatics,2026-05-08
linkedin_4411634816,Clinical Data Abstractor,University Health Network,2026-05-08T15:03:07.959776,LinkedIn,Clinical / Nursing,2026-05-08
linkedin_4411622467,AI Data Specialist with healthcare domain expertise - Remote,NTT DATA North America,2026-05-08T15:03:07.960725,LinkedIn,Other,2026-05-08
linkedin_4410898107,Research Coordinator I MAP Centre for Urban Health Solutions,St. Michael's Hospital,2026-05-08T15:03:07.961810,LinkedIn,Other,2026-05-08
linkedin_4408903163,Education Specialist,Trillium Health Partners,2026-05-08T15:03:07.962589,LinkedIn,Other,2026-05-08
linkedin_4411622716,Job ID #31929: Data Scientist,City Of Hamilton,2026-05-08T15:03:07.963336,LinkedIn,Other,2026-05-08
linkedin_4410815975,Clinician Scientist - Department of Family &amp; Community Medicine,St. Michael's Hospital,2026-05-08T15:03:07.964224,LinkedIn,Other,2026-05-08
linkedin_4411610650,Ontology Expert - Remote,NTT DATA North America,2026-05-08T15:03:07.964854,LinkedIn,Other,2026-05-08
linkedin_4411648053,Practice Engagement Specialist - Clinic Transformation - Clinical Programs,WELL Health Technologies Corp. (TSX: WELL),2026-05-08T15:03:07.965428,LinkedIn,Clinical / Nursing,2026-05-08
linkedin_4411850414,Computer Vision &amp; ML Expert,Alignerr,2026-05-08T15:03:07.965976,LinkedIn,Other,2026-05-08
linkedin_4411850827,Syndigo PIM Developer,CGI,2026-05-08T15:03:07.966544,LinkedIn,Software / Tech,2026-05-08
linkedin_4410856584,Kofax TotalAgility Developer,Cognizant,2026-05-08T15:03:07.967137,LinkedIn,Software / Tech,2026-05-08
linkedin_4411669956,"Développeur ou développeuse III, TI",TD,2026-05-08T15:03:07.967921,LinkedIn,Other,2026-05-08
linkedin_4412950751,Junior Instructional Designer/Developer Co-op,CMiC,2026-05-12T20:01:55.328474,LinkedIn,Co-op / Intern,2026-05-12
linkedin_4412947765,Full Stack Software Developer,Teckhorizon Inc,2026-05-12T20:01:55.334254,LinkedIn,Software / Tech,2026-05-12
linkedin_4413070452,Payments Engineering Intern (12-month),Super.com,2026-05-12T20:01:55.335351,LinkedIn,Co-op / Intern,2026-05-12
linkedin_4412902782,"Software Engineer, Fullstack",MakeOS,2026-05-12T20:01:55.336105,LinkedIn,Software / Tech,2026-05-12
linkedin_4299602923,Software Engineer,Relay,2026-05-12T20:01:55.342509,LinkedIn,Software / Tech,2026-05-12
linkedin_4398028255,"Software Engineer, Frontend",MakeOS,2026-05-12T20:01:55.344288,LinkedIn,Software / Tech,2026-05-12
linkedin_4412901749,"Software Engineer, Quality",MakeOS,2026-05-12T20:01:55.345230,LinkedIn,Software / Tech,2026-05-12
linkedin_4403602811,"Design Engineer, Canada",Ashby,2026-05-12T20:01:55.346114,LinkedIn,Software / Tech,2026-05-12
linkedin_4413137644,Intermediate Full-Stack Software Developer,vTech Solution Canada,2026-05-12T20:01:55.347010,LinkedIn,Software / Tech,2026-05-12
linkedin_4412966250,Remote Software Developer,Turing,2026-05-12T20:01:55.347839,LinkedIn,Software / Tech,2026-05-12
linkedin_4403618609,Applied Scientist,Thomson Reuters,2026-05-12T20:01:55.349047,LinkedIn,Other,2026-05-12
linkedin_4311694825,Research Internship (Spring/Summer 2026),Cohere,2026-05-12T20:01:55.356583,LinkedIn,Co-op / Intern,2026-05-12
linkedin_4413057805,Quality Intern - Travel &amp; AI Enablement,Super.com,2026-05-12T20:01:55.357539,LinkedIn,Co-op / Intern,2026-05-12
linkedin_4412966363,Mainframe Production Support,CGI,2026-05-12T20:01:55.358210,LinkedIn,Other,2026-05-12
linkedin_4413225013,Masters or PhD Researcher,Alignerr,2026-05-12T20:01:55.358971,LinkedIn,Other,2026-05-12
linkedin_4413221264,General Postdoctoral Researcher (Masters/PhDs),Alignerr,2026-05-12T20:01:55.361515,LinkedIn,Other,2026-05-12
linkedin_4413501061,Ai Data Reviewer - Remote,YO IT Consulting,2026-05-12T20:01:55.363533,LinkedIn,Other,2026-05-12
linkedin_4372776733,Data Modeler,CGI,2026-05-12T20:01:55.364376,LinkedIn,Other,2026-05-12
linkedin_4413171140,Clinical Planner,ParaMed Home Health Care,2026-05-12T20:01:55.365054,LinkedIn,Clinical / Nursing,2026-05-12
linkedin_4413201824,"Analyste II, Systèmes opérationnels",TD,2026-05-12T20:01:55.365738,LinkedIn,Analyst / BA / SA,2026-05-12
linkedin_4401642895,Junior Web Developer Co-Op (4-month contract),"Osler, Hoskin &amp; Harcourt LLP",2026-05-13T06:20:09.283040,LinkedIn,Co-op / Intern,2026-05-13
linkedin_4413703946,Remote Software Developer,Turing,2026-05-13T06:20:09.288901,LinkedIn,Software / Tech,2026-05-13
linkedin_4413494009,"Consultant, Application Development",CIBC,2026-05-13T06:20:09.289856,LinkedIn,Other,2026-05-13
linkedin_4403664080,Cloud Engineering Intern,407 ETR,2026-05-13T06:20:09.290492,LinkedIn,Co-op / Intern,2026-05-13
linkedin_4413712125,AI-Native Full-Stack Engineer,Reklaim,2026-05-13T06:20:09.291227,LinkedIn,Software / Tech,2026-05-13
linkedin_4413491632,"PhD Data Scientist, Intern",Stripe,2026-05-13T06:20:09.291740,LinkedIn,Co-op / Intern,2026-05-13
linkedin_4413709189,AS400 Developer/RPG Developer,BeachHead,2026-05-13T06:20:09.292207,LinkedIn,Software / Tech,2026-05-13
linkedin_4399551666,Junior Data Analyst Intern,Nexus Energy Inc.,2026-05-13T06:20:09.292686,LinkedIn,Co-op / Intern,2026-05-13
linkedin_4413460558,Business Analyst I,TD,2026-05-13T06:20:09.293082,LinkedIn,Analyst / BA / SA,2026-05-13
linkedin_4403644782,Operations Associate,Phoenix,2026-05-13T06:20:09.293496,LinkedIn,Other,2026-05-13
linkedin_4405017988,Benefits Analyst,People Corporation,2026-05-13T06:20:09.296089,LinkedIn,Analyst / BA / SA,2026-05-13
linkedin_4413484992,Business Systems Analyst,TD,2026-05-13T06:20:09.296505,LinkedIn,Analyst / BA / SA,2026-05-13
linkedin_4399415106,Business Analyst,Capgemini,2026-05-13T06:20:09.296900,LinkedIn,Analyst / BA / SA,2026-05-13
linkedin_4382207638,Business Analyst - Fixed Term (6 -month term),Prophix,2026-05-13T06:20:09.297466,LinkedIn,Analyst / BA / SA,2026-05-13
linkedin_4413590299,Client Services Associate,proSapient,2026-05-13T06:20:09.298122,LinkedIn,Other,2026-05-13
linkedin_4411357022,Automation &amp; AI Solutions Analyst,360insights,2026-05-13T06:20:09.298872,LinkedIn,Analyst / BA / SA,2026-05-13
linkedin_4404398360,Business Analyst,Ontario Teachers' Pension Plan,2026-05-13T06:20:09.299538,LinkedIn,Analyst / BA / SA,2026-05-13
linkedin_4413474495,"Patient Experience Project Coordinator, Schroeder Arthritis Institute",University Health Network,2026-05-13T06:20:09.300095,LinkedIn,Clinical / Nursing,2026-05-13
linkedin_4413736791,Reports Coordinator,University Health Network,2026-05-13T06:20:09.301139,LinkedIn,Other,2026-05-13
linkedin_4413472374,Business System Analyst,Epsilon Solutions Ltd.,2026-05-13T06:20:09.301600,LinkedIn,Analyst / BA / SA,2026-05-13
linkedin_4383897844,Operations Consultant (New Grad) - 2026/2027 Start,Isaac Operations,2026-05-13T06:20:09.302023,LinkedIn,Other,2026-05-13
linkedin_4408407947,Business Analyst (Portfolio Management),Iris Software Inc.,2026-05-13T06:20:09.302405,LinkedIn,Analyst / BA / SA,2026-05-13
linkedin_4413585291,Business Analyst (m/f/d),RUTRONIK Electronics Worldwide,2026-05-13T06:20:09.302807,LinkedIn,Analyst / BA / SA,2026-05-13
greenhouse_hootsuite_7808288,"Co-op/Intern, Internal AI Operations - Summer 2026",Hootsuite,2026-05-13T06:20:09.303281,Greenhouse,Co-op / Intern,2026-05-13
greenhouse_d2l_7696196,Bilingual Product Support Analyst (Canadian French),D2L (Brightspace),2026-05-13T06:20:09.314165,Greenhouse,Analyst / BA / SA,2026-05-13
greenhouse_d2l_7696232,Product Support Analyst,D2L (Brightspace),2026-05-13T06:20:09.314641,Greenhouse,Analyst / BA / SA,2026-05-13
greenhouse_d2l_260466,Software Developer,D2L (Brightspace),2026-05-13T06:20:09.314999,Greenhouse,Software / Tech,2026-05-13
greenhouse_d2l_7890294,Software Developer - Fall 2026 Co-op,D2L (Brightspace),2026-05-13T06:20:09.315337,Greenhouse,Co-op / Intern,2026-05-13
greenhouse_d2l_7455458,Software Developer - New Graduate,D2L (Brightspace),2026-05-13T06:20:09.315786,Greenhouse,Software / Tech,2026-05-13
greenhouse_d2l_7722011,Solutions Engineer,D2L (Brightspace),2026-05-13T06:20:09.316355,Greenhouse,Software / Tech,2026-05-13
greenhouse_faire_8437749002,Backend Engineer,Faire,2026-05-13T06:20:09.316799,Greenhouse,Software / Tech,2026-05-13
greenhouse_faire_8538503002,Data Engineer - Analytics Platform,Faire,2026-05-13T06:20:09.317195,Greenhouse,Software / Tech,2026-05-13
lever_pointclickcare_9bd42098-b3fc-4fec-90d7-fc31cd1d7e26,(Canada) Revenue Enablement Systems Associate,PointClickCare,2026-05-13T06:20:09.317665,Lever,Other,2026-05-13
lever_pointclickcare_55ad90ab-08fe-4646-b83f-7d2e83515a4c,(Canada) Revenue Operations Analyst - 12 Month Contract,PointClickCare,2026-05-13T06:20:09.318089,Lever,Analyst / BA / SA,2026-05-13
lever_pointclickcare_c68b5bd3-6dda-410c-bf32-28144f64289f,Canada- Security Analyst I,PointClickCare,2026-05-13T06:20:09.318520,Lever,Analyst / BA / SA,2026-05-13
lever_pointclickcare_0153a9e4-ac97-4bea-a6e8-ad5df870acda,"Canada- Sr Application Engineer, Salesforce (Contractor)",PointClickCare,2026-05-13T06:20:09.319152,Lever,Software / Tech,2026-05-13
lever_pointclickcare_70ef07bc-40c2-4ed9-b017-e4c1055878fd,Intermediate AI-Enabled DevOps Engineer,PointClickCare,2026-05-13T06:20:09.319551,Lever,Software / Tech,2026-05-13
lever_pointclickcare_ce41a1f5-22d7-4e25-8ba0-94c2ad24556b,Sr SWE - Developer Experience ( DevEx),PointClickCare,2026-05-13T06:20:09.319892,Lever,Software / Tech,2026-05-13
linkedin_4413846787,Fall Co-op 2026 - Software Engineer (4 months),Manulife,2026-05-13T20:38:12.553498,LinkedIn,Co-op / Intern,2026-05-13
linkedin_4413866090,Fall Co-op 2026 - Software Engineer (12 months),Manulife,2026-05-13T20:38:12.559016,LinkedIn,Co-op / Intern,2026-05-13
linkedin_4409814461,"Associate, Software Engineer, New Grad Card Expansion",Capital One,2026-05-13T20:38:12.559972,LinkedIn,Software / Tech,2026-05-13
linkedin_4413844502,QA Developer,Dentalcorp,2026-05-13T20:38:12.560710,LinkedIn,Software / Tech,2026-05-13
linkedin_4413769083,Software QA Technician Co-0p,Hexagon Mining,2026-05-13T20:38:12.561618,LinkedIn,Software / Tech,2026-05-13
linkedin_4408262765,"Intern, Full Stack Software Engineer - Team Sprout - Fall 2026",Capital One,2026-05-13T20:38:12.562628,LinkedIn,Co-op / Intern,2026-05-13
linkedin_4408264804,"Intern, Full Stack Software Engineer - Team Integrated Storefront - Fall 2026",Capital One,2026-05-13T20:38:12.564175,LinkedIn,Co-op / Intern,2026-05-13
linkedin_4413768252,"Analyst, Data Science and Analytics Solutions",HOOPP (Healthcare of Ontario Pension Plan),2026-05-13T20:38:12.565587,LinkedIn,Data / Analytics,2026-05-13
linkedin_4413846247,"Financial Analyst, Revenue and Bank Reconciliations",Dentalcorp,2026-05-13T20:38:12.566634,LinkedIn,Analyst / BA / SA,2026-05-13
linkedin_4385975140,Software Engineer - Full Stack,Veeva Systems,2026-05-14T20:33:17.136065,LinkedIn,Software / Tech,2026-05-14
linkedin_4414147105,Developer,Agilus Work Solutions,2026-05-14T20:33:17.144263,LinkedIn,Software / Tech,2026-05-14
linkedin_4410636791,"MTS1, Software Engineer-Front End",eBay,2026-05-14T20:33:17.145487,LinkedIn,Software / Tech,2026-05-14
linkedin_4414182080,Software Engineer,ClearBlue Markets,2026-05-14T20:33:17.146918,LinkedIn,Software / Tech,2026-05-14
linkedin_4414278273,AI Full Stack Developer,Edelman DXI,2026-05-14T20:33:17.147821,LinkedIn,Software / Tech,2026-05-14
linkedin_4414204096,UI/UX Developer with Gen AI,J&amp;M Group,2026-05-14T20:33:17.152118,LinkedIn,Software / Tech,2026-05-14
linkedin_4414577761,Remote Software Developer,Turing,2026-05-14T20:33:17.154021,LinkedIn,Software / Tech,2026-05-14
linkedin_4414275164,Forward Deployed Engineer,Decoda Health,2026-05-14T20:33:17.157653,LinkedIn,Software / Tech,2026-05-14
linkedin_4414519056,Ingénieur en logiciels II,TD,2026-05-14T20:33:17.158468,LinkedIn,Other,2026-05-14
linkedin_4403652602,SR Guidewire Certified Claim Center developer- Onsite,Cognizant,2026-05-14T20:33:17.161639,LinkedIn,Software / Tech,2026-05-14
linkedin_4408268589,"Intern, Full Stack Software Engineer - Team Tachyon One - Fall 2026",Capital One,2026-05-14T20:33:17.163051,LinkedIn,Co-op / Intern,2026-05-14
linkedin_4414272599,Data Associate,TD,2026-05-14T20:33:17.164821,LinkedIn,Other,2026-05-14
linkedin_4414200694,"Analyst, Inventory Operations",StackAdapt,2026-05-14T20:33:17.167031,LinkedIn,Analyst / BA / SA,2026-05-14
linkedin_4414513466,Associé en données,TD,2026-05-14T20:33:17.168131,LinkedIn,Other,2026-05-14
linkedin_4414277986,MyClient Support Analyst,CIBC,2026-05-14T20:33:17.169432,LinkedIn,Analyst / BA / SA,2026-05-14
linkedin_4404939442,"Analyste II, Systèmes opérationnels",TD,2026-05-14T20:33:17.170207,LinkedIn,Analyst / BA / SA,2026-05-14
linkedin_4414533892,Project Analyst - I.S.,St. Joseph's Healthcare Hamilton,2026-05-14T20:33:17.171529,LinkedIn,Analyst / BA / SA,2026-05-14
linkedin_4413981710,"Medical Billing Specialist, DoctorCare",WELLSTAR Technologies,2026-05-14T20:33:17.172354,LinkedIn,Other,2026-05-14
linkedin_4414277705,"Administrative Assistant I, General, Electrophysiology Outpatient",University Health Network,2026-05-14T20:33:17.172815,LinkedIn,Admin / Clerical,2026-05-14
linkedin_4414231529,Records Clerk,CBI Health,2026-05-14T20:33:17.173293,LinkedIn,Other,2026-05-14
linkedin_4414186305,"Clerical Support Associate - Haemodialysis, Church",Humber River Health,2026-05-14T20:33:17.173905,LinkedIn,Admin / Clerical,2026-05-14
linkedin_4414179856,Unit Coordination Assistant (Full Time Temporary) -M Cardiac Short Stay,Trillium Health Partners,2026-05-14T20:33:17.174253,LinkedIn,Other,2026-05-14
linkedin_4414556147,Health Information Management Summer Student,Stevenson Memorial Hospital,2026-05-14T20:33:17.174635,LinkedIn,Health Admin / Records,2026-05-14
linkedin_4414172583,Research Analyst - TAY Cohort,CAMH,2026-05-14T20:33:17.174960,LinkedIn,Analyst / BA / SA,2026-05-14
linkedin_4414170853,Clerical Support Associate Birthing Unit,Humber River Health,2026-05-14T20:33:17.175298,LinkedIn,Admin / Clerical,2026-05-14
linkedin_4414136863,Surveillance Assistant-IPAC (Full Time),Trillium Health Partners,2026-05-14T20:33:17.175652,LinkedIn,Other,2026-05-14
linkedin_4414116892,"Clinical Research Assistant (temporary, 18 months)",Canada's Drug Agency,2026-05-14T20:33:17.176008,LinkedIn,Clinical / Nursing,2026-05-14
linkedin_4414274881,Project Coordinator,Critical Mass,2026-05-14T20:33:17.176482,LinkedIn,Other,2026-05-14
linkedin_4414236794,Compensation Specialist,Net2Source (N2S),2026-05-14T20:33:17.176973,LinkedIn,Other,2026-05-14
greenhouse_d2l_7875286,Strategic Finance Business Partner – Product & Engineering,D2L (Brightspace),2026-05-14T20:33:17.177400,Greenhouse,Software / Tech,2026-05-14
linkedin_4411768868,"Junior Developer (Intern), Analytics &amp; Insights",University Health Network,2026-05-15T20:41:02.499067,LinkedIn,Co-op / Intern,2026-05-15
linkedin_4414916629,Software Developer,AGILEFREE,2026-05-15T20:41:02.508444,LinkedIn,Software / Tech,2026-05-15
linkedin_4382814210,"Software Engineer (Backend, Fullstack, Frontend/Web Developer) - Global Ecommerce Marketplace",Andiamo,2026-05-15T20:41:02.512907,LinkedIn,Software / Tech,2026-05-15
linkedin_4414772906,Junior Power Platform Developer,Intact,2026-05-15T20:41:02.519074,LinkedIn,Software / Tech,2026-05-15
linkedin_4414665935,Software Engineer: Full-Stack (Multiple Positions Available),Fiscal AI,2026-05-15T20:41:02.522502,LinkedIn,Software / Tech,2026-05-15
linkedin_4414954140,Associate Engineer I,TD,2026-05-15T20:41:02.524113,LinkedIn,Software / Tech,2026-05-15
linkedin_4414918866,"Co-op or Intern, Full-Stack Developer (September 2026)",BDO Canada,2026-05-15T20:41:02.525231,LinkedIn,Co-op / Intern,2026-05-15
linkedin_4414959241,Software Engineer,InstaLILY AI,2026-05-15T20:41:02.528254,LinkedIn,Software / Tech,2026-05-15
linkedin_4372567878,Research Engineer,Cohere,2026-05-15T20:41:02.529439,LinkedIn,Software / Tech,2026-05-15
linkedin_4414769210,Product Engineering,Allstate Canada,2026-05-15T20:41:02.530439,LinkedIn,Software / Tech,2026-05-15
linkedin_4414708691,QA Developer,Dentalcorp,2026-05-15T20:41:02.531695,LinkedIn,Software / Tech,2026-05-15
linkedin_4414676012,Associate Software Engineer,FDM Group,2026-05-15T20:41:02.532614,LinkedIn,Software / Tech,2026-05-15
linkedin_4415339396,Remote Software Developer,Turing,2026-05-15T20:41:02.533550,LinkedIn,Software / Tech,2026-05-15
linkedin_4414999077,Software Engineer - YAML Experience,Alignerr,2026-05-15T20:41:02.534443,LinkedIn,Software / Tech,2026-05-15
linkedin_4414999058,Health Informatics Analyst,Alignerr,2026-05-15T20:41:02.541226,LinkedIn,Health Informatics,2026-05-15
linkedin_4414760169,Data Analyst,President's Choice Financial,2026-05-15T20:41:02.542950,LinkedIn,Data / Analytics,2026-05-15
linkedin_4384532425,"Research Analyst, Brand Health Tracking",Ipsos in Canada,2026-05-15T20:41:02.566334,LinkedIn,Analyst / BA / SA,2026-05-15
linkedin_4414976998,Nursing Informatics Specialist,Alignerr,2026-05-15T20:41:02.567837,LinkedIn,Health Informatics,2026-05-15
linkedin_3852113363,Forecasting Analyst (Evergreen),Canadian Tire Corporation,2026-05-15T20:41:02.569270,LinkedIn,Analyst / BA / SA,2026-05-15
linkedin_4414995118,OpenClaw Trace Contributor — AI Agent Data,Alignerr,2026-05-15T20:41:02.570512,LinkedIn,Other,2026-05-15
linkedin_4414941148,"Stagiaire ou stagiaire coop, Données et analyses (mai 2026)",BDO Canada,2026-05-15T20:41:02.571912,LinkedIn,Co-op / Intern,2026-05-15
linkedin_4411550053,"Contracting, Data &amp; Operations Legal Analyst",Equinix,2026-05-15T20:41:02.573985,LinkedIn,Analyst / BA / SA,2026-05-15
linkedin_4414982262,Ingénieur ou ingénieure assoc. I,TD,2026-05-15T20:41:02.576338,LinkedIn,Other,2026-05-15
linkedin_4414773825,"Développeur(euse) junior, Power Platform",Intact,2026-05-15T20:41:02.578140,LinkedIn,Other,2026-05-15
linkedin_4411708385,Research Summer Student 2026,University Health Network,2026-05-15T20:41:02.578831,LinkedIn,Other,2026-05-15
linkedin_4414641818,"Analyst, Real Estate",HOOPP (Healthcare of Ontario Pension Plan),2026-05-15T20:41:02.579577,LinkedIn,Analyst / BA / SA,2026-05-15
linkedin_4414720394,"Financial Analyst, Revenue and Bank Reconciliations",Dentalcorp,2026-05-15T20:41:02.580161,LinkedIn,Analyst / BA / SA,2026-05-15
linkedin_4405260615,Financial Analyst,BGB Group,2026-05-15T20:41:02.580773,LinkedIn,Analyst / BA / SA,2026-05-15
linkedin_4415532952,Junior Systems Developer Intern,TMX Group,2026-05-16T21:00:47.178661,LinkedIn,Co-op / Intern,2026-05-16
linkedin_4412046322,Software Developer-1 - Summer HIre,Achēv,2026-05-16T21:00:47.193953,LinkedIn,Software / Tech,2026-05-16
linkedin_4412049198,Full Stack Developer,Konrad,2026-05-16T21:00:47.197207,LinkedIn,Software / Tech,2026-05-16
linkedin_4412028810,Full Stack Engineer,SoTalent,2026-05-16T21:00:47.201088,LinkedIn,Software / Tech,2026-05-16
linkedin_4403635466,Associate Data Scientist - GenAI,Manulife,2026-05-16T21:00:47.201861,LinkedIn,Other,2026-05-16
linkedin_4404527230,Software Engineer - Platform Productivity | Canada | Remote,Grafana Labs,2026-05-16T21:00:47.204018,LinkedIn,Software / Tech,2026-05-16
linkedin_4415089629,Data Scientist,Aviva Canada,2026-05-16T21:00:47.204876,LinkedIn,Other,2026-05-16
linkedin_4415502676,FPGA Compiler Software Engineer,Altera,2026-05-16T21:00:47.206843,LinkedIn,Software / Tech,2026-05-16
linkedin_4415508217,Founding Engineer,Ultrassure,2026-05-16T21:00:47.208806,LinkedIn,Software / Tech,2026-05-16
linkedin_4415130449,Agent Experience Engineer,ACTO,2026-05-16T21:00:47.211368,LinkedIn,Software / Tech,2026-05-16
linkedin_4415508479,FPGA Development Tools Engineer,Altera,2026-05-16T21:00:47.212127,LinkedIn,Software / Tech,2026-05-16
linkedin_4415369927,"Data Scientist, ONCAP - 12 Month Contract",Onex,2026-05-16T21:00:47.212924,LinkedIn,Other,2026-05-16
linkedin_4409724189,Android Software Engineer - Infotainment Apps,Rivian and Volkswagen Group Technologies,2026-05-16T21:00:47.214860,LinkedIn,Software / Tech,2026-05-16
linkedin_4415515295,FPGA Development Tools Engineer,Altera,2026-05-16T21:00:47.215807,LinkedIn,Software / Tech,2026-05-16
linkedin_4412066221,Data Services Developer Associate (September 2026 - Toronto or Calgary),IBM,2026-05-16T21:00:47.217009,LinkedIn,Software / Tech,2026-05-16
linkedin_4412037881,Data Analyst,Konrad,2026-05-16T21:00:47.218200,LinkedIn,Data / Analytics,2026-05-16
linkedin_4412031934,Data Analyst,Konrad,2026-05-16T21:00:47.219016,LinkedIn,Data / Analytics,2026-05-16
linkedin_4405388735,Applied AI Analyst,Autodesk,2026-05-16T21:00:47.219800,LinkedIn,Analyst / BA / SA,2026-05-16
linkedin_4405705050,Applied AI Analyst,Autodesk,2026-05-16T21:00:47.226045,LinkedIn,Analyst / BA / SA,2026-05-16
linkedin_4393023582,Social Analyst,OLIVER | The Brandtech Group,2026-05-16T21:00:47.227340,LinkedIn,Analyst / BA / SA,2026-05-16
linkedin_4393803831,Production Adoption Analyst,Prophix,2026-05-16T21:00:47.228462,LinkedIn,Analyst / BA / SA,2026-05-16
linkedin_4415386558,Data Modeler,Soroc Technology,2026-05-16T21:00:47.229425,LinkedIn,Other,2026-05-16
linkedin_4415803449,System Analyst - Support,TierOne,2026-05-16T21:00:47.230354,LinkedIn,Analyst / BA / SA,2026-05-16
linkedin_4415547109,Technical Systems Analyst Co-op,CIBC,2026-05-16T21:00:47.230893,LinkedIn,Co-op / Intern,2026-05-16
linkedin_4415815192,Software Developer,TierOne,2026-05-16T21:00:47.231308,LinkedIn,Software / Tech,2026-05-16
linkedin_4415532247,"Analyste II, Systèmes opérationnels",TD,2026-05-16T21:00:47.231774,LinkedIn,Analyst / BA / SA,2026-05-16
greenhouse_hootsuite_7476830,"Intermediate Software Developer,  Frontend/Full Stack",Hootsuite,2026-05-16T21:00:47.232381,Greenhouse,Software / Tech,2026-05-16
linkedin_4352363805,"Engineer I - Front End, Data Visualization (Hybrid)",CrowdStrike,2026-05-17T20:39:13.347107,LinkedIn,Software / Tech,2026-05-17
linkedin_3998438100,"Software Engineer, Backend (All Levels / All Teams)",DoorDash,2026-05-17T20:39:13.362703,LinkedIn,Software / Tech,2026-05-17
linkedin_4397166594,Associate Data Scientist - User Fraud,Spotify,2026-05-17T20:39:13.363489,LinkedIn,Other,2026-05-17
linkedin_4373045521,"AI Developer, Full Stack (Python/React) II",Intact,2026-05-17T20:39:13.364184,LinkedIn,Software / Tech,2026-05-17
linkedin_4415426017,Rust Developer - Remote,YO IT Consulting,2026-05-17T20:39:13.365163,LinkedIn,Software / Tech,2026-05-17
linkedin_4415883527,Software QA Technician Co-0p,Hexagon Mining,2026-05-17T20:39:13.366216,LinkedIn,Software / Tech,2026-05-17
linkedin_4391161249,Applied AI Specialist – AI Solutions,Element Fleet Management,2026-05-17T20:39:13.367176,LinkedIn,Other,2026-05-17
linkedin_4415896761,Certified MS Purview Developer @ Toronto,Liztek,2026-05-17T20:39:13.367861,LinkedIn,Software / Tech,2026-05-17
linkedin_4415187727,Analytical Evaluator - AI Feedback,Mercor,2026-05-17T20:39:13.368495,LinkedIn,Other,2026-05-17
linkedin_4405700280,Data Analyst - Corporate Reporting,GM Financial,2026-05-17T20:39:13.369160,LinkedIn,Data / Analytics,2026-05-17
linkedin_4383964771,Reporting Specialist,GM Financial,2026-05-17T20:39:13.370500,LinkedIn,Other,2026-05-17
linkedin_4416042541,Software Engineer,InstaLILY AI,2026-05-18T21:01:10.731845,LinkedIn,Software / Tech,2026-05-18
linkedin_4374642279,"Software Engineer, TT-Fabric",Tenstorrent,2026-05-18T21:01:10.786957,LinkedIn,Software / Tech,2026-05-18
linkedin_4415602904,Data Analyst Internship &amp; Training Program,Ededge Groups,2026-05-18T21:01:10.788265,LinkedIn,Co-op / Intern,2026-05-18
linkedin_4383194331,Applied Researcher,eBay,2026-05-18T21:01:10.789023,LinkedIn,Other,2026-05-18
linkedin_4312670328,Medical Lab Technologist,The Hospital for Sick Children,2026-05-18T21:01:10.790708,LinkedIn,Other,2026-05-18
linkedin_4373032331,"Pharmacist, Pharmacy Hospital",Baycrest,2026-05-18T21:01:10.791635,LinkedIn,Other,2026-05-18
linkedin_4384083249,Software Developer,Fidelity Canada,2026-05-19T20:41:10.890965,LinkedIn,Software / Tech,2026-05-19
linkedin_4416238479,Remote Software Developer,Turing,2026-05-19T20:41:10.897528,LinkedIn,Software / Tech,2026-05-19
linkedin_4412857547,Forward Deployed Engineering Intern (AI Agent),Cresta,2026-05-19T20:41:10.898859,LinkedIn,Co-op / Intern,2026-05-19
linkedin_4345988479,Developer Productivity Engineer: 25-07290,"Akraya, Inc.",2026-05-19T20:41:10.899956,LinkedIn,Software / Tech,2026-05-19
linkedin_4416480732,Software QA Technician Co-0p,Hexagon Mining,2026-05-19T20:41:10.901589,LinkedIn,Software / Tech,2026-05-19
linkedin_4405186052,Applied Researcher 2,eBay,2026-05-19T20:41:10.902809,LinkedIn,Other,2026-05-19
linkedin_4339511044,"Forward Deployed Engineer, Prompt Specialist",Cohere,2026-05-19T20:41:10.905094,LinkedIn,Software / Tech,2026-05-19
linkedin_4416473135,Masters or PhD Researcher,Alignerr,2026-05-19T20:41:10.907297,LinkedIn,Other,2026-05-19
linkedin_4416477102,General Postdoctoral Researcher (Masters/PhDs),Alignerr,2026-05-19T20:41:10.908803,LinkedIn,Other,2026-05-19
linkedin_4416636943,Software Developer,Kochasoft,2026-05-19T20:41:10.910182,LinkedIn,Software / Tech,2026-05-19
linkedin_4407561994,Front End / Full Stack Developer (React) - Risk &amp; Compliance,CGI,2026-05-19T20:41:10.910939,LinkedIn,Software / Tech,2026-05-19
linkedin_4415963061,Junior Java Developer,Dawn InfoTek Inc.,2026-05-20T20:57:42.445502,LinkedIn,Software / Tech,2026-05-20
linkedin_4416946487,Forward Deployed Engineering Intern (AI Agent),Sequoia Capital Global Equities,2026-05-20T20:57:42.457391,LinkedIn,Co-op / Intern,2026-05-20
linkedin_4416684858,Remote Software Developer,Turing,2026-05-20T20:57:42.458662,LinkedIn,Software / Tech,2026-05-20
linkedin_4394672959,Marketing Data Scientist,Sage,2026-05-20T20:57:42.459668,LinkedIn,Other,2026-05-20
linkedin_4416938765,Duck Creek Developer (contract),Capgemini,2026-05-20T20:57:42.461148,LinkedIn,Software / Tech,2026-05-20
linkedin_4417010550,Forward Deployed Engineer,Beacon Software,2026-05-20T20:57:42.462045,LinkedIn,Software / Tech,2026-05-20
linkedin_4416961922,GoAnywhere / SFTP Engineer,Apex Systems,2026-05-20T20:57:42.463011,LinkedIn,Software / Tech,2026-05-20
linkedin_4416948709,"Canada Residents - Survey Participants - Toronto, Canada",Prolific,2026-05-20T20:57:42.463794,LinkedIn,Other,2026-05-20
linkedin_4415963421,Data Scientist,Allstate Canada,2026-05-20T20:57:42.464771,LinkedIn,Other,2026-05-20
linkedin_4394719253,GenAI Creative Optimization/Performance Analyst,OLIVER | The Brandtech Group,2026-05-20T20:57:42.465693,LinkedIn,Analyst / BA / SA,2026-05-20
linkedin_4406546597,Analyste de Soutien à la Mission - Équipe Centrale de l'Audit,Deloitte,2026-05-20T20:57:42.466520,LinkedIn,Analyst / BA / SA,2026-05-20
greenhouse_hootsuite_7942387,"Co-op/Intern, Product Management - Summer 2026",Hootsuite,2026-05-20T20:57:42.468230,Greenhouse,Co-op / Intern,2026-05-20
lever_pointclickcare_af0c66c4-3593-4b96-944f-5cf45e8d3afc,(Canada) Clinical AI Nurse SME - 3 Month Contract,PointClickCare,2026-05-20T20:57:42.469245,Lever,Clinical / Nursing,2026-05-20
linkedin_4417482314,Jr Front-End Developer,Analyticsmart,2026-05-21T21:01:59.530287,LinkedIn,Software / Tech,2026-05-21
linkedin_4417472695,Jr Full Stack Developer,Analyticsmart,2026-05-21T21:01:59.536872,LinkedIn,Software / Tech,2026-05-21
linkedin_4417479483,Junior Back-End Developer,Analyticsmart,2026-05-21T21:01:59.541278,LinkedIn,Software / Tech,2026-05-21
linkedin_4417471675,Jr Back End,Analyticsmart,2026-05-21T21:01:59.542223,LinkedIn,Other,2026-05-21
linkedin_4417369075,Junior Web Developer Student Placement,Web4You Inc.,2026-05-21T21:01:59.543530,LinkedIn,Software / Tech,2026-05-21
linkedin_4417323022,software engineer,NationGraph,2026-05-21T21:01:59.546484,LinkedIn,Software / Tech,2026-05-21
linkedin_4316446425,"Software Engineer, Collect",Cohere,2026-05-21T21:01:59.552384,LinkedIn,Software / Tech,2026-05-21
linkedin_4417725341,Full-Stack Software Engineer,THE INTERACTIVE ABODE,2026-05-21T21:01:59.554077,LinkedIn,Software / Tech,2026-05-21
linkedin_4417332687,"Full Stack Engineer, Total Media",StackAdapt,2026-05-21T21:01:59.555275,LinkedIn,Software / Tech,2026-05-21
linkedin_4417305651,Founding Software Engineer,Franchise Foundry,2026-05-21T21:01:59.561000,LinkedIn,Software / Tech,2026-05-21
linkedin_4407314028,Research Engineer,Thomson Reuters,2026-05-21T21:01:59.570164,LinkedIn,Software / Tech,2026-05-21
linkedin_4417334635,Remote Software Developer,Turing,2026-05-21T21:01:59.572165,LinkedIn,Software / Tech,2026-05-21
linkedin_4417389012,Integrations Engineer,Amgine,2026-05-21T21:01:59.576271,LinkedIn,Software / Tech,2026-05-21
linkedin_4398950172,"AI Scientist | AI &amp; Chip Design, Canada",Cognichip,2026-05-21T21:01:59.590387,LinkedIn,Other,2026-05-21
linkedin_4417375217,"Premier développeur/première développeuse, Développement numérique",CBC/Radio-Canada,2026-05-21T21:01:59.591352,LinkedIn,Other,2026-05-21
linkedin_4416352289,Data Analyst,Sun Life,2026-05-21T21:01:59.592222,LinkedIn,Data / Analytics,2026-05-21
linkedin_4417498367,Knees and Spine HEMA Analyst,Johnson &amp; Johnson MedTech,2026-05-21T21:01:59.593096,LinkedIn,Analyst / BA / SA,2026-05-21
linkedin_4416374999,Statistician,Alimentiv,2026-05-21T21:01:59.596626,LinkedIn,Other,2026-05-21
linkedin_4408286686,Systems Analyst II,TELUS Health,2026-05-21T21:01:59.598401,LinkedIn,Analyst / BA / SA,2026-05-21
linkedin_4414190005,Research Analyst - Clinical Research Services,CAMH,2026-05-21T21:01:59.599836,LinkedIn,Clinical / Nursing,2026-05-21
linkedin_4416348223,Data Scientist - Analytics &amp; AI (TELUS Health),TELUS,2026-05-21T21:01:59.601964,LinkedIn,Data / Analytics,2026-05-21
linkedin_4413830361,Research Coordinator - Institute for Mental Health Policy Research,CAMH,2026-05-21T21:01:59.604135,LinkedIn,Other,2026-05-21
linkedin_4417418155,Data Scientist,TELUS,2026-05-21T21:01:59.606464,LinkedIn,Other,2026-05-21
linkedin_4416308077,Measurement-Based Care (MBC) Coordinator FT,EHN Canada,2026-05-21T21:01:59.607603,LinkedIn,Other,2026-05-21
linkedin_4417351967,"Analyst I, Customer Complaints",Kenvue,2026-05-21T21:01:59.611259,LinkedIn,Analyst / BA / SA,2026-05-21
linkedin_4416329508,Azure Support Analyst,Tata Consultancy Services,2026-05-21T21:01:59.619577,LinkedIn,Analyst / BA / SA,2026-05-21
linkedin_4417445768,Consulting Statistician,Alimentiv,2026-05-21T21:01:59.621173,LinkedIn,Other,2026-05-21
linkedin_4413645504,Software Field Service Representative,Siemens Healthineers,2026-05-21T21:01:59.628068,LinkedIn,Software / Tech,2026-05-21
linkedin_4416328458,Research Analyst - Azrieli ANS Research Centre,CAMH,2026-05-21T21:01:59.630638,LinkedIn,Analyst / BA / SA,2026-05-21
greenhouse_d2l_7947601,Product Support Analyst - Fall 2026 Co-op,D2L (Brightspace),2026-05-21T21:01:59.632213,Greenhouse,Co-op / Intern,2026-05-21
linkedin_4418029090,"Junior Developer (Intern), Analytics &amp; Insights",University Health Network,2026-05-22T20:39:25.545153,LinkedIn,Co-op / Intern,2026-05-22
linkedin_4417789571,Junior Full Stack Engineer,NetNow Inc.,2026-05-22T20:39:25.551777,LinkedIn,Software / Tech,2026-05-22
linkedin_4374098762,"Software Developer, New Grad",IXL Learning,2026-05-22T20:39:25.553476,LinkedIn,Software / Tech,2026-05-22
linkedin_4286968059,Software Engineer - All Levels,GlossGenius,2026-05-22T20:39:25.555224,LinkedIn,Software / Tech,2026-05-22
linkedin_4386881559,Associate Software Engineer - Seeking 2025 &amp; 2026 Grads,Veeva Systems,2026-05-22T20:39:25.557129,LinkedIn,Software / Tech,2026-05-22
linkedin_4417101274,Software Engineer,CommerceIQ,2026-05-22T20:39:25.558540,LinkedIn,Software / Tech,2026-05-22
linkedin_4416575372,Full Stack Developer,Tata Consultancy Services,2026-05-22T20:39:25.560952,LinkedIn,Software / Tech,2026-05-22
linkedin_4414008338,Python Developer,Hallmark Global Solutions Ltd,2026-05-22T20:39:25.562454,LinkedIn,Software / Tech,2026-05-22
linkedin_4409017661,"Software Engineer, AI/ML Infrastructure",Thumbtack,2026-05-22T20:39:25.563919,LinkedIn,Software / Tech,2026-05-22
linkedin_4407348605,Animation Tools Programmer (All Levels),Rockstar Games,2026-05-22T20:39:25.564869,LinkedIn,Software / Tech,2026-05-22
linkedin_4416730189,ML Ops Developer,Autodesk,2026-05-22T20:39:25.565785,LinkedIn,Software / Tech,2026-05-22
linkedin_4408528322,"Software Engineer, Ad Infra",Lyft,2026-05-22T20:39:25.566684,LinkedIn,Software / Tech,2026-05-22
linkedin_4418020493,Azure Google AI/ML Associate Platform Engineer I,TD,2026-05-22T20:39:25.568057,LinkedIn,Software / Tech,2026-05-22
linkedin_4417130773,software developer,Advanced Electrophoresis Solutions Ltd. (AES),2026-05-22T20:39:25.569397,LinkedIn,Software / Tech,2026-05-22
linkedin_4387185363,"Software Engineer II, Backend (Consumer Authentication)",Affirm,2026-05-22T20:39:25.576617,LinkedIn,Software / Tech,2026-05-22
linkedin_4418035987,Business Analyst,CBI Health,2026-05-22T20:39:25.577786,LinkedIn,Analyst / BA / SA,2026-05-22
linkedin_4408703281,Copilot Operations Analyst,McKesson,2026-05-22T20:39:25.578702,LinkedIn,Analyst / BA / SA,2026-05-22
linkedin_4414074503,Statistician,Alimentiv,2026-05-22T20:39:25.602488,LinkedIn,Other,2026-05-22
linkedin_4416704926,EPR Applications Specialist - Beaker/Wellsky,St. Michael's Hospital,2026-05-22T20:39:25.604185,LinkedIn,Other,2026-05-22
linkedin_4361525219,Clinical Trial IWRS Monitor I,Everest Clinical Research,2026-05-22T20:39:25.605537,LinkedIn,Clinical / Nursing,2026-05-22
linkedin_4416783137,(PERMANENT FULL TIME) BUSINESS INTELLIGENCE DEVELOPER,Ontario Shores Centre for Mental Health Sciences,2026-05-22T20:39:25.607033,LinkedIn,Software / Tech,2026-05-22
linkedin_4417754465,"Data Analyst, Surgery &amp; Electrophysiology",Johnson &amp; Johnson MedTech,2026-05-22T20:39:25.608702,LinkedIn,Data / Analytics,2026-05-22
linkedin_4417761462,Payroll &amp; System Specialist,Scarborough Health Network,2026-05-22T20:39:25.610527,LinkedIn,Other,2026-05-22
linkedin_4416780122,(TEMPORARY FULL TIME) BUSINESS INTELLIGENCE DEVELOPER,Ontario Shores Centre for Mental Health Sciences,2026-05-22T20:39:25.611938,LinkedIn,Software / Tech,2026-05-22
linkedin_4417722861,Omnichannel Support Associate,Kelly,2026-05-22T20:39:25.616145,LinkedIn,Other,2026-05-22
linkedin_4418116533,"Clinical Data Reviewer ((Internal Medicine)*** US, CAN, or UK with no sponsorship needs",Syneos Health,2026-05-22T20:39:25.617779,LinkedIn,Co-op / Intern,2026-05-22
linkedin_4414071329,Consulting Statistician,Alimentiv,2026-05-22T20:39:25.619785,LinkedIn,Other,2026-05-22
linkedin_4418034480,Client Service Representative 2 (Ontario),Custom Health,2026-05-22T20:39:25.620958,LinkedIn,Other,2026-05-22
linkedin_4418071413,"Clinical Outcomes Specialist,",Baxter International Inc.,2026-05-22T20:39:25.622742,LinkedIn,Clinical / Nursing,2026-05-22
linkedin_4414085051,Workplace AI Specialist,Alimentiv,2026-05-22T20:39:25.624704,LinkedIn,Other,2026-05-22
linkedin_4414045981,"Analyst, Procurement Systems",Coca-Cola Canada Bottling Limited,2026-05-22T20:39:25.626190,LinkedIn,Analyst / BA / SA,2026-05-22
linkedin_4406420084,Data Services Developer Intern (Sept 2026 - 4 Months - Toronto),IBM,2026-05-22T20:39:25.627587,LinkedIn,Co-op / Intern,2026-05-22
linkedin_4417771280,Software QA Technician Co-0p,Hexagon Mining,2026-05-22T20:39:25.628586,LinkedIn,Software / Tech,2026-05-22
linkedin_4397338497,Software Engineer - Social Login Integration: 26-00990,"Akraya, Inc.",2026-05-22T20:39:25.637760,LinkedIn,Software / Tech,2026-05-22
linkedin_4417792363,Remote Software Developer,Turing,2026-05-22T20:39:25.639053,LinkedIn,Software / Tech,2026-05-22
linkedin_4418065451,Software Engineer - YAML Experience,Alignerr,2026-05-22T20:39:25.639889,LinkedIn,Software / Tech,2026-05-22
linkedin_4416782684,Product Engineering (Guidewire PolicyCenter Rating),Allstate Canada,2026-05-22T20:39:25.640551,LinkedIn,Software / Tech,2026-05-22
linkedin_4417776765,"Data Scientist, Partnerships",Canadian Tire Corporation,2026-05-22T20:39:25.641323,LinkedIn,Other,2026-05-22
linkedin_4417776933,Ingénieur ou ingénieure I,TD,2026-05-22T20:39:25.642099,LinkedIn,Other,2026-05-22
linkedin_4387494453,"Software Engineer, Frontend",Ramp,2026-05-22T20:39:25.643095,LinkedIn,Software / Tech,2026-05-22
linkedin_4416774729,Product Engineering (Guidewire PolicyCenter Integration),Allstate Canada,2026-05-22T20:39:25.643852,LinkedIn,Software / Tech,2026-05-22
linkedin_4418060503,Computer Vision &amp; ML Expert,Alignerr,2026-05-22T20:39:25.644628,LinkedIn,Other,2026-05-22
linkedin_4418044002,IBM Maximo Developer,iVedha Inc.,2026-05-22T20:39:25.645453,LinkedIn,Software / Tech,2026-05-22
linkedin_4417779451,Junior Security Analyst Intern,Jonas Software,2026-05-22T20:39:25.651518,LinkedIn,Co-op / Intern,2026-05-22
linkedin_4416701410,Full stack Developer - Python,Tata Consultancy Services,2026-05-22T20:39:25.652945,LinkedIn,Software / Tech,2026-05-22
linkedin_4407092035,Apps Dev Programmer Analyst - Officer,Citi,2026-05-22T20:39:25.655481,LinkedIn,Software / Tech,2026-05-22
linkedin_4384770041,Software Engineer Associate- Mainframe,Scotiabank,2026-05-22T20:39:25.664624,LinkedIn,Software / Tech,2026-05-22
linkedin_4418044744,Associate CE Eng Analyst,FedEx Canada,2026-05-22T20:39:25.665891,LinkedIn,Analyst / BA / SA,2026-05-22
linkedin_4418162903,Junior Full-Stack Software Engineer,THE INTERACTIVE ABODE,2026-05-23T20:02:17.508570,LinkedIn,Software / Tech,2026-05-23
linkedin_4418134749,Junior Software Engineer,FDM Group,2026-05-23T20:02:17.515084,LinkedIn,Software / Tech,2026-05-23
linkedin_4418425599,Jr. Power Platform Developer,Apex Systems,2026-05-23T20:02:17.518764,LinkedIn,Software / Tech,2026-05-23
linkedin_4417163124,"Software Engineer, CMS (Registry Support)",AutoScout24,2026-05-23T20:02:17.520905,LinkedIn,Software / Tech,2026-05-23
linkedin_4418448964,Software Engineer I - Core Product - Notification Platform Team,PagerDuty,2026-05-23T20:02:17.522429,LinkedIn,Software / Tech,2026-05-23
linkedin_4418154177,ServiceNow Engineer,EQ Bank,2026-05-23T20:02:17.525345,LinkedIn,Software / Tech,2026-05-23
linkedin_4387144232,Fusion Internship Program – AIA Canada,Cognizant,2026-05-23T20:02:17.527914,LinkedIn,Co-op / Intern,2026-05-23
linkedin_4414356302,Specialty Developer,"Global Technical Talent, an Inc. 5000 Company",2026-05-23T20:02:17.530332,LinkedIn,Software / Tech,2026-05-23
linkedin_4418477390,Remote Software Developer,Turing,2026-05-23T20:02:17.531926,LinkedIn,Software / Tech,2026-05-23
linkedin_4418491493,Forward Deployed Engineer,Hitachi Vantara,2026-05-23T20:02:17.533690,LinkedIn,Software / Tech,2026-05-23
linkedin_4383525863,"Postdoctoral Research Fellow, IMICS Lab",The Hospital for Sick Children,2026-05-23T20:02:17.538528,LinkedIn,Other,2026-05-23
linkedin_4417526784,"Data Analyst, Product analytics",Thomson Reuters,2026-05-23T20:02:17.539630,LinkedIn,Data / Analytics,2026-05-23
linkedin_4418421269,Machine Learning Analyst,Sobeys,2026-05-23T20:02:17.540506,LinkedIn,Analyst / BA / SA,2026-05-23
linkedin_4417165261,Data &amp; Reporting Specialist (Workforce Planning),Metrolinx,2026-05-23T20:02:17.542889,LinkedIn,Other,2026-05-23
linkedin_4414377816,"Specialist, Air Canada Media Analytics",Air Canada,2026-05-23T20:02:17.544282,LinkedIn,Data / Analytics,2026-05-23
linkedin_4414356308,Business Systems Analyst,"Global Technical Talent, an Inc. 5000 Company",2026-05-23T20:02:17.545825,LinkedIn,Analyst / BA / SA,2026-05-23
linkedin_4414340866,ALM Scripting &amp; Reporting Intern,Hitachi Rail,2026-05-23T20:02:17.547429,LinkedIn,Co-op / Intern,2026-05-23
linkedin_4417185887,Analyst - Operational Reporting Enablement,Allstate Canada,2026-05-23T20:02:17.550381,LinkedIn,Analyst / BA / SA,2026-05-23
linkedin_4409408549,Technical Privacy Analyst,Mark Anthony Group,2026-05-23T20:02:17.551947,LinkedIn,Analyst / BA / SA,2026-05-23
linkedin_4417165710,Practice Advisor,OntarioMD,2026-05-23T20:02:17.552990,LinkedIn,Other,2026-05-23
linkedin_4414312787,Clinical Outcomes Specialist,Baxter International Inc.,2026-05-23T20:02:17.553822,LinkedIn,Clinical / Nursing,2026-05-23
linkedin_4417185926,Project Coordinator: Ontario CLRI,Baycrest,2026-05-23T20:02:17.554606,LinkedIn,Other,2026-05-23
linkedin_4385044520,AI and Data - Data Architect - Healthcare,EY,2026-05-23T20:02:17.555483,LinkedIn,Other,2026-05-23
linkedin_4385055425,Information Security Analyst,Bayshore HealthCare,2026-05-23T20:02:17.556072,LinkedIn,Analyst / BA / SA,2026-05-23
linkedin_4409418671,"Digital Product Owner, Research Decision Intelligence",Sanofi,2026-05-23T20:02:17.556665,LinkedIn,Other,2026-05-23
linkedin_4418607242,Data Engineering Student (4 months) - Fall 2026,Canadian Tire Corporation,2026-05-24T20:02:30.852988,LinkedIn,Software / Tech,2026-05-24
linkedin_4387882908,Future Opportunities at CoLab,CoLab,2026-05-24T20:02:30.873512,LinkedIn,Other,2026-05-24
linkedin_4407973038,"Research Internship (Fall, 2026)",Cohere,2026-05-24T20:02:30.875632,LinkedIn,Co-op / Intern,2026-05-24
linkedin_4418123158,Platform Engineer (Full Stack),Origin North Integrated Solutions Inc.,2026-05-24T20:02:30.876973,LinkedIn,Software / Tech,2026-05-24
linkedin_4414859297,Data Analyst (Entry-Level / Junior),"The Marketing Society, Sbsec",2026-05-24T20:02:30.878524,LinkedIn,Data / Analytics,2026-05-24
linkedin_4418621883,Data Analyst 1.0 (Operations &amp; Performance),TEKsystems,2026-05-24T20:02:30.880823,LinkedIn,Data / Analytics,2026-05-24
linkedin_4400617407,"Analyst, Solutions",StackAdapt,2026-05-24T20:02:30.887482,LinkedIn,Analyst / BA / SA,2026-05-24
linkedin_4363493683,Business Systems Analyst -  Mobile Application,Scotiabank,2026-05-24T20:02:30.893710,LinkedIn,Analyst / BA / SA,2026-05-24
linkedin_3889603562,Category Business Analyst ( Evergreen),Canadian Tire Corporation,2026-05-24T20:02:30.901915,LinkedIn,Analyst / BA / SA,2026-05-24
linkedin_4399062880,"Business Operations Analyst, Fidelity Wealth",Fidelity Canada,2026-05-24T20:02:30.904232,LinkedIn,Analyst / BA / SA,2026-05-24
linkedin_4407963410,Business Analysis Specialist,Scotiabank,2026-05-24T20:02:30.907688,LinkedIn,Other,2026-05-24
linkedin_4368770979,IT Business Analyst (Application Administrator / Analyst),REDPATH MINING,2026-05-24T20:02:30.911383,LinkedIn,Analyst / BA / SA,2026-05-24
linkedin_4417585507,Statistician,Alimentiv,2026-05-24T20:02:30.912918,LinkedIn,Other,2026-05-24
linkedin_4409516678,Analyst - Curlew Project,Kinross Gold Corporation,2026-05-24T20:02:30.914555,LinkedIn,Analyst / BA / SA,2026-05-24
linkedin_4376479342,"Business Analyst, Microsoft Dynamics 365",MNP,2026-05-24T20:02:30.936117,LinkedIn,Analyst / BA / SA,2026-05-24
linkedin_4399035551,HR Reporting Analyst,CAA Club Group,2026-05-24T20:02:30.945382,LinkedIn,Analyst / BA / SA,2026-05-24
linkedin_4417800115,Research Analyst - Geriatric Division Research,CAMH,2026-05-24T20:02:30.948141,LinkedIn,Analyst / BA / SA,2026-05-24
linkedin_4361565109,Clinical Safety Data Associate,Everest Clinical Research,2026-05-24T20:02:30.958341,LinkedIn,Clinical / Nursing,2026-05-24
linkedin_4417593605,Sales Analyst,Husky Technologies,2026-05-24T20:02:30.959780,LinkedIn,Analyst / BA / SA,2026-05-24
linkedin_4310479048,Software Developer - Early Career,General Motors,2026-05-25T23:04:58.423771,LinkedIn,Software / Tech,2026-05-25
linkedin_4418919139,React and Node JS Developer,Viva Tech Solutions,2026-05-25T23:04:58.433745,LinkedIn,Software / Tech,2026-05-25
linkedin_4418920987,Robotics Software Developer,Korechi Innovations Inc.,2026-05-25T23:04:58.446605,LinkedIn,Software / Tech,2026-05-25
linkedin_4395747206,Front-end Engineer,Pigment,2026-05-25T23:04:58.462938,LinkedIn,Software / Tech,2026-05-25
linkedin_4379066285,"Mobile Engineer, iOS",Ramp,2026-05-25T23:04:58.484175,LinkedIn,Software / Tech,2026-05-25
linkedin_4418918109,Java Full Stack Developer - Angular,Viva Tech Solutions,2026-05-25T23:04:58.485877,LinkedIn,Software / Tech,2026-05-25
linkedin_4414883320,Product Engineer,Sitetracker,2026-05-25T23:04:58.501250,LinkedIn,Software / Tech,2026-05-25
linkedin_4378979285,Software Engineer (Python),Scotiabank,2026-05-25T23:04:58.509305,LinkedIn,Software / Tech,2026-05-25
linkedin_4354094258,Full Stack Developer FCC,Fidelity Canada,2026-05-25T23:04:58.526347,LinkedIn,Software / Tech,2026-05-25
linkedin_4388589355,Software Engineer (C++),Scotiabank,2026-05-25T23:04:58.550673,LinkedIn,Software / Tech,2026-05-25
linkedin_4335940151,Full-Stack Developer - IAM,MaintainX,2026-05-25T23:04:58.556792,LinkedIn,Software / Tech,2026-05-25
linkedin_4418696443,Quality Assurance Tester,Computer Talk Technology Inc.,2026-05-25T23:04:58.558569,LinkedIn,Other,2026-05-25
linkedin_4414899628,Java Application Engineer,Miratech,2026-05-25T23:04:58.559759,LinkedIn,Software / Tech,2026-05-25
linkedin_4417890120,"Python Developer with Fast API / Mississauga, ON (Hybrid) - Full-Time Permanent",AceStack,2026-05-25T23:04:58.560787,LinkedIn,Software / Tech,2026-05-25
linkedin_4415214074,Google DialogFlow Engineer (Python),Miratech,2026-05-25T23:04:58.569664,LinkedIn,Software / Tech,2026-05-25
linkedin_4325771657,Scientifique de données – DS2,Intact,2026-05-25T23:04:58.571048,LinkedIn,Other,2026-05-25
linkedin_4378214358,"Software Engineer, TT-Distributed",Tenstorrent,2026-05-25T23:04:58.578517,LinkedIn,Software / Tech,2026-05-25
linkedin_4406543277,Analyste de Systèmes (Technologue de l’Optimisation),TFO,2026-05-25T23:04:58.599209,LinkedIn,Analyst / BA / SA,2026-05-25
linkedin_4417843970,Statistician,Alimentiv,2026-05-25T23:04:58.630200,LinkedIn,Other,2026-05-25
linkedin_4418937553,CQ Specialist,Johnson &amp; Johnson MedTech,2026-05-25T23:04:58.653397,LinkedIn,Other,2026-05-25
linkedin_4377955397,Business Systems Consultant,Zurich Canada,2026-05-25T23:04:58.703238,LinkedIn,Other,2026-05-25
linkedin_4408397091,Knowledge Management Specialist,Prophix,2026-05-25T23:04:58.723208,LinkedIn,Other,2026-05-25
linkedin_4418940794,Customer Success Engineer,Script Runner,2026-05-25T23:04:58.730674,LinkedIn,Software / Tech,2026-05-25
linkedin_4419191635,"Software Engineer, Backend",StackAdapt,2026-05-26T20:57:58.521812,LinkedIn,Software / Tech,2026-05-26
linkedin_4418221123,Software Developer,Geotab,2026-05-26T20:57:58.535552,LinkedIn,Software / Tech,2026-05-26
linkedin_4418986532,Software Developer,Eckler Ltd. / Eckler ltée,2026-05-26T20:57:58.537089,LinkedIn,Software / Tech,2026-05-26
linkedin_4419115332,🚀 Exciting Opportunity: Full Stack Software Developer | Ontario Government Contract,TECH4SOFT Consulting,2026-05-26T20:57:58.539277,LinkedIn,Software / Tech,2026-05-26
linkedin_4419192489,Remote Software Developer,Turing,2026-05-26T20:57:58.540378,LinkedIn,Software / Tech,2026-05-26
linkedin_4417893814,Data Scientist II,Intact,2026-05-26T20:57:58.541793,LinkedIn,Other,2026-05-26
linkedin_4297036574,"Forward Deployed Engineer, Infrastructure Specialist (North America)",Cohere,2026-05-26T20:57:58.545872,LinkedIn,Software / Tech,2026-05-26
linkedin_4419113358,Masters or PhD Researcher,Alignerr,2026-05-26T20:57:58.552748,LinkedIn,Other,2026-05-26
linkedin_4419116313,General Postdoctoral Researcher (Masters/PhDs),Alignerr,2026-05-26T20:57:58.556795,LinkedIn,Other,2026-05-26
linkedin_4418989684,Data Analyst,Tokio Marine Canada Ltd.,2026-05-26T20:57:58.572256,LinkedIn,Data / Analytics,2026-05-26
linkedin_4418210399,"Data Annotation Specialist, Safety",Cohere,2026-05-26T20:57:58.573631,LinkedIn,Other,2026-05-26
linkedin_4419105960,Instrumentation &amp; Monitoring (I&amp;M) Analyst,Green Infrastructure Partners,2026-05-26T20:57:58.583474,LinkedIn,Analyst / BA / SA,2026-05-26
linkedin_4419109298,Data Modeler - Capital markets,J&amp;M Group,2026-05-26T20:57:58.584562,LinkedIn,Other,2026-05-26
linkedin_4417425691,OpenClaw Trace Contributor — AI Agent Data,Alignerr,2026-05-26T20:57:58.586221,LinkedIn,Other,2026-05-26
linkedin_4415237292,Service Desk Support Analyst,GoodLife Fitness,2026-05-26T20:57:58.587512,LinkedIn,Analyst / BA / SA,2026-05-26
linkedin_4418565692,BUSINESS ENGLISH LANGUAGE TEACHER,TESL Toronto,2026-05-27T21:03:57.285290,LinkedIn,Other,2026-05-27
linkedin_4336964208,Software Engineer,Warner Music Group,2026-05-27T21:03:57.297183,LinkedIn,Software / Tech,2026-05-27
linkedin_4419456782,"Full Stack Engineer, Delta Force",StackAdapt,2026-05-27T21:03:57.300749,LinkedIn,Software / Tech,2026-05-27
linkedin_4419477557,"Software Engineer, Stats &amp; Analytics",StackAdapt,2026-05-27T21:03:57.302458,LinkedIn,Software / Tech,2026-05-27
linkedin_4410223795,Full Stack Java Developer,CGI,2026-05-27T21:03:57.303300,LinkedIn,Software / Tech,2026-05-27
linkedin_4416858521,"Software Developer, Kubernetes Compute",Robinhood,2026-05-27T21:03:57.304468,LinkedIn,Software / Tech,2026-05-27
linkedin_4416875384,"Software Developer, Provisioning",Robinhood,2026-05-27T21:03:57.305380,LinkedIn,Software / Tech,2026-05-27
linkedin_4419505899,Remote Software Engineer ($300/hr.),Turing,2026-05-27T21:03:57.309527,LinkedIn,Software / Tech,2026-05-27
linkedin_4419564961,Quadrient Developer,CGI,2026-05-27T21:03:57.311249,LinkedIn,Software / Tech,2026-05-27
linkedin_4369264299,Full Stack Developer (Angular and AWS),CGI,2026-05-27T21:03:57.312289,LinkedIn,Software / Tech,2026-05-27
linkedin_4408933941,"Machine Learning Applications and Compiler Engineer, LPX - New College Grad 2026",NVIDIA,2026-05-27T21:03:57.313315,LinkedIn,Software / Tech,2026-05-27
linkedin_4419450262,Dynamics 365 Deployment Engineer,FIELDBOSS,2026-05-27T21:03:57.315359,LinkedIn,Software / Tech,2026-05-27
linkedin_4402099319,Azure Data Engineering Specialist,CGI,2026-05-27T21:03:57.317781,LinkedIn,Software / Tech,2026-05-27
linkedin_4416836191,JavaScript Integration Engineer: Customer Data,Constructor,2026-05-27T21:03:57.318891,LinkedIn,Software / Tech,2026-05-27
linkedin_4416851066,Integration Engineer: Customer Developer Experience,Constructor,2026-05-27T21:03:57.320003,LinkedIn,Software / Tech,2026-05-27
linkedin_4418299913,Guidewire Developer – ClaimCenter,Cognizant,2026-05-27T21:03:57.320878,LinkedIn,Software / Tech,2026-05-27
linkedin_4417219194,Data Analyst (Entry-Level / Junior),THE UGANDA INSTITUTE OF BANKING &amp; FINANCIAL SERVICES,2026-05-27T21:03:57.321862,LinkedIn,Data / Analytics,2026-05-27
linkedin_4401710461,Azure Data Analyst,CGI,2026-05-27T21:03:57.322910,LinkedIn,Data / Analytics,2026-05-27
linkedin_4419836418,Digital Real-World Data and Healthcare Intelligence Business Analyst,Sanofi,2026-05-27T21:03:57.323838,LinkedIn,Analyst / BA / SA,2026-05-27
linkedin_4418540279,"Intern Analyst, Active Public Markets (September 2026 - December 2026)",University Pension Plan Ontario,2026-05-27T21:03:57.324825,LinkedIn,Co-op / Intern,2026-05-27
linkedin_4419460941,"Epic Applications Analyst (Cupid Cardiology), HIS",William Osler Health System,2026-05-27T21:03:57.337690,LinkedIn,Analyst / BA / SA,2026-05-27
linkedin_4419441564,Machine Learning Specialist,University Health Network,2026-05-27T21:03:57.338957,LinkedIn,Other,2026-05-27
linkedin_4409755284,Epic Ambulatory /Inpatient Sr Analyst/ Specialist,Accenture,2026-05-27T21:03:57.345043,LinkedIn,Clinical / Nursing,2026-05-27
linkedin_4418296232,Research Associate-Term,University of Toronto,2026-05-27T21:03:57.346018,LinkedIn,Other,2026-05-27
linkedin_3606048325,Professional Services - Talent Community,PointClickCare,2026-05-27T21:03:57.352165,LinkedIn,Other,2026-05-27
linkedin_4419535577,Clinical Database Designer I,Everest Clinical Research,2026-05-27T21:03:57.354396,LinkedIn,Clinical / Nursing,2026-05-27
linkedin_4416856356,Clinical Implementation Consultant-Radiation Therapist,Siemens Healthineers,2026-05-27T21:03:57.355250,LinkedIn,Clinical / Nursing,2026-05-27
linkedin_4418253492,"Analyst, Screening",Canadian Partnership Against Cancer,2026-05-27T21:03:57.380037,LinkedIn,Analyst / BA / SA,2026-05-27
linkedin_4418516501,Mako Product Specialist (Hybrid),Stryker,2026-05-27T21:03:57.383775,LinkedIn,Other,2026-05-27
linkedin_4407443168,Long-Term Care Best Practice Implementation Coach,Registered Nurses' Association of Ontario (RNAO),2026-05-27T21:03:57.384734,LinkedIn,Other,2026-05-27
linkedin_4418210006,Junior Software Engineer,DeOS,2026-05-28T20:02:30.073617,LinkedIn,Software / Tech,2026-05-28
linkedin_4419991511,Software/Web App Developer (Associate),TAO Solutions Inc.,2026-05-28T20:02:30.081970,LinkedIn,Software / Tech,2026-05-28
linkedin_4419873994,Software Engineer,BITS Recruiting,2026-05-28T20:02:30.086042,LinkedIn,Software / Tech,2026-05-28
linkedin_4419891635,Associate Systems Developer,Co-operators,2026-05-28T20:02:30.087640,LinkedIn,Software / Tech,2026-05-28
linkedin_4419883759,Associate Systems Developer,Co-operators,2026-05-28T20:02:30.088731,LinkedIn,Software / Tech,2026-05-28
linkedin_4409982752,Software Developer,Autodesk,2026-05-28T20:02:30.089653,LinkedIn,Software / Tech,2026-05-28
linkedin_4310461883,Software Developer - Early Career,General Motors,2026-05-28T20:02:30.093701,LinkedIn,Software / Tech,2026-05-28
linkedin_4377898843,Software Developer,Euna Solutions,2026-05-28T20:02:30.106747,LinkedIn,Software / Tech,2026-05-28
linkedin_4419973507,Early Career Software Developer - Brake Controls and Diagnostics,General Motors,2026-05-28T20:02:30.108586,LinkedIn,Software / Tech,2026-05-28
linkedin_4418831252,User Interface Developer,Tata Consultancy Services,2026-05-28T20:02:30.109733,LinkedIn,Software / Tech,2026-05-28
linkedin_4419950964,Application Developer,Sobeys,2026-05-28T20:02:30.117438,LinkedIn,Software / Tech,2026-05-28
linkedin_4418805800,Web Developer,Pivotal Integrated HR Solutions,2026-05-28T20:02:30.136987,LinkedIn,Software / Tech,2026-05-28
linkedin_4410809026,Java Software Engineer,Talenzaa,2026-05-28T20:02:30.138647,LinkedIn,Software / Tech,2026-05-28
linkedin_4386580217,Full Stack Web Developer,TC Transcontinental,2026-05-28T20:02:30.139696,LinkedIn,Software / Tech,2026-05-28
linkedin_4401114720,Developer,Scotiabank,2026-05-28T20:02:30.140767,LinkedIn,Software / Tech,2026-05-28
linkedin_4418884339,Research Associate,HarrisX,2026-05-28T20:02:30.141852,LinkedIn,Other,2026-05-28
linkedin_4419866965,Research Associate,Stagwell,2026-05-28T20:02:30.152093,LinkedIn,Other,2026-05-28
linkedin_4418871005,AI Applied Scientist,Verily Health,2026-05-28T20:02:30.157997,LinkedIn,Other,2026-05-28
linkedin_4419870306,Program Analyst,Responsible Gambling Council (RGC),2026-05-28T20:02:30.172053,LinkedIn,Analyst / BA / SA,2026-05-28
linkedin_4409724430,"Data Annotation Specialist, Modern Standard Arabic (MSA)",Cohere,2026-05-28T20:02:30.173977,LinkedIn,Other,2026-05-28
linkedin_4419932373,"Integrity Analyst (Hiring Day June 23, 2026)",JANA Corporation,2026-05-28T20:02:30.181468,LinkedIn,Analyst / BA / SA,2026-05-28
linkedin_4420201897,OpenClaw Trace Contributor — AI Agent Data,Alignerr,2026-05-28T20:02:30.185160,LinkedIn,Other,2026-05-28
linkedin_4409707688,"Data Annotation Specialist, Portuguese",Cohere,2026-05-28T20:02:30.186668,LinkedIn,Other,2026-05-28
linkedin_4409705821,"Data Annotation Specialist, Arabic Language Najdi/Hijazi Dialect",Cohere,2026-05-28T20:02:30.187840,LinkedIn,Other,2026-05-28
linkedin_4379498929,"Data Annotation Specialist, Simplified Chinese / Mandarin",Cohere,2026-05-28T20:02:30.193010,LinkedIn,Other,2026-05-28
linkedin_4123800361,Clinical Data Management Specialist,Everest Clinical Research,2026-05-28T20:02:30.196767,LinkedIn,Clinical / Nursing,2026-05-28
linkedin_4418890863,Statistician,Alimentiv,2026-05-28T20:02:30.205507,LinkedIn,Other,2026-05-28
linkedin_4419963961,Data Analyst,University Health Network,2026-05-28T20:02:30.206827,LinkedIn,Data / Analytics,2026-05-28
linkedin_4419930336,Data and Reporting Analyst,RBC,2026-05-28T20:02:30.211824,LinkedIn,Analyst / BA / SA,2026-05-28
linkedin_4418214156,Research Analyst - Geriatric Division Research,CAMH,2026-05-28T20:02:30.213664,LinkedIn,Analyst / BA / SA,2026-05-28
linkedin_4418804321,Data Analyst,Tata Consultancy Services,2026-05-28T20:02:30.217701,LinkedIn,Data / Analytics,2026-05-28
linkedin_4419013310,Associate Data Scientist,Just Energy,2026-05-28T20:02:30.223855,LinkedIn,Other,2026-05-28
linkedin_4419906225,Data Management Analyst,CIBC,2026-05-28T20:02:30.225944,LinkedIn,Analyst / BA / SA,2026-05-28
linkedin_4419957591,Pharmacy Data Specialist,MediSystem Pharmacy,2026-05-28T20:02:30.230018,LinkedIn,Other,2026-05-28
linkedin_4419962267,ESG Analyst,Mohawk Medbuy Corporation,2026-05-28T20:02:30.233525,LinkedIn,Analyst / BA / SA,2026-05-28
linkedin_4410423264,Canada- Security Analyst I,PointClickCare,2026-05-28T20:02:30.236463,LinkedIn,Analyst / BA / SA,2026-05-28
linkedin_4420219907,Reverse Engineer,Wand,2026-05-28T20:02:30.238701,LinkedIn,Software / Tech,2026-05-28
linkedin_4419920308,"Co-op Software Developer - Fall 2026 (September - December) - Canada, Ontario (REMOTE)",Info-Tech Research Group,2026-05-28T20:02:30.240149,LinkedIn,Co-op / Intern,2026-05-28
linkedin_4419894403,Remote Software Developer,Turing,2026-05-28T20:02:30.259472,LinkedIn,Software / Tech,2026-05-28
linkedin_4419941982,Remote Software Engineer ($300/hr.),Turing,2026-05-28T20:02:30.261328,LinkedIn,Software / Tech,2026-05-28
linkedin_4409726750,"Machine Learning Applications and Compiler Engineer, LPX - New College Grad 2026",NVIDIA,2026-05-28T20:02:30.264477,LinkedIn,Software / Tech,2026-05-28
linkedin_4418848373,Concepteur junior de systems,Co-operators Assurance et services financiers,2026-05-28T20:02:30.266144,LinkedIn,Other,2026-05-28
linkedin_4419910558,945 FR - Postes pour étudiants et nouveaux diplômés - Technologie et analytique,Export Development Canada | Exportation et développement Canada,2026-05-28T20:02:30.267439,LinkedIn,Other,2026-05-28
linkedin_4409362726,"Developer, Copilot Studio",Aecon Group Inc.,2026-05-28T20:02:30.269184,LinkedIn,Software / Tech,2026-05-28
linkedin_4419920698,"Experienced Software Engineer - Toronto, Ontario, Canada",Serco,2026-05-28T20:02:30.270753,LinkedIn,Software / Tech,2026-05-28
linkedin_4420211590,"Business Systems Analyst, Clinical Informatics",Michael Garron Hospital,2026-05-28T20:02:30.272617,LinkedIn,Health Informatics,2026-05-28
linkedin_4418836298,Junior Business Analyst,MacDonald Search Group,2026-05-28T20:02:30.274097,LinkedIn,Analyst / BA / SA,2026-05-28
linkedin_4417261400,Junior Business Analyst - ERP-2,IKO North America,2026-05-28T20:02:30.275311,LinkedIn,Analyst / BA / SA,2026-05-28
linkedin_4418841277,Business Analyst,Lock Search Group,2026-05-28T20:02:30.276524,LinkedIn,Analyst / BA / SA,2026-05-28
linkedin_4417348797,"Business Support Analyst, Parts &amp; Service Business Planning",Honda Canada Inc.,2026-05-28T20:02:30.279241,LinkedIn,Analyst / BA / SA,2026-05-28
linkedin_4419042981,Process Analyst,Insight Global,2026-05-28T20:02:30.281113,LinkedIn,Analyst / BA / SA,2026-05-28
linkedin_4418843721,Business Systems Analyst,Scotiabank,2026-05-28T20:02:30.283912,LinkedIn,Analyst / BA / SA,2026-05-28
linkedin_4410950404,Business Analyst,ZURU Edge,2026-05-28T20:02:30.286253,LinkedIn,Analyst / BA / SA,2026-05-28
linkedin_4418803282,Business Analyst,Tata Consultancy Services,2026-05-28T20:02:30.287982,LinkedIn,Analyst / BA / SA,2026-05-28
lever_pointclickcare_1c6c31d1-746d-4f6e-a0f1-7cd7d5fff68e,Finance Contracts Analyst,PointClickCare,2026-05-28T20:02:30.289073,Lever,Analyst / BA / SA,2026-05-28
linkedin_4419323348,Junior Developer,Scotiabank,2026-05-29T20:02:45.939718,LinkedIn,Software / Tech,2026-05-29
linkedin_4411237144,"Full Stack Developer, GFT",RBC,2026-05-29T20:02:45.947246,LinkedIn,Software / Tech,2026-05-29
linkedin_4371068013,"Software Developer, Platform",Staples Canada,2026-05-29T20:02:45.948814,LinkedIn,Software / Tech,2026-05-29
linkedin_4420487430,Python Developer,Quantum World Technologies Inc.,2026-05-29T20:02:45.951245,LinkedIn,Software / Tech,2026-05-29
linkedin_4411408653,Junior Full Stack Developer,SPC Student Price Card,2026-05-29T20:02:45.954967,LinkedIn,Software / Tech,2026-05-29
linkedin_4420923527,Software Developer I - Platform Engineering,Intuit,2026-05-29T20:02:45.956075,LinkedIn,Software / Tech,2026-05-29
linkedin_4420464976,Associate Computer Application Support,Bell,2026-05-29T20:02:45.957144,LinkedIn,Other,2026-05-29
linkedin_4420643135,"Software Developer, Python &amp; CFML",Euna Solutions,2026-05-29T20:02:45.958411,LinkedIn,Software / Tech,2026-05-29
linkedin_4411200791,"Full Stack Engineer, Integrations",StackAdapt,2026-05-29T20:02:45.962025,LinkedIn,Software / Tech,2026-05-29
linkedin_4420494386,Android Developer,VySystems,2026-05-29T20:02:45.963636,LinkedIn,Software / Tech,2026-05-29
linkedin_4389865142,"Software Engineer, Metal Runtime (API &amp; Abstractions)",Tenstorrent,2026-05-29T20:02:45.964540,LinkedIn,Software / Tech,2026-05-29
linkedin_4419057987,MEAN Stack Developer,Iris Software Inc.,2026-05-29T20:02:45.967355,LinkedIn,Software / Tech,2026-05-29
linkedin_4419096784,Application Designer,Teranet Inc.,2026-05-29T20:02:45.970255,LinkedIn,Other,2026-05-29
linkedin_4420622179,Software Developer (18 month contract),Cineplex,2026-05-29T20:02:45.980086,LinkedIn,Software / Tech,2026-05-29
linkedin_4417659758,AWS Full Stack Developer,Apptoza Inc.,2026-05-29T20:02:45.981211,LinkedIn,Software / Tech,2026-05-29
linkedin_4419072250,"Software Engineer, CMS (Registry Support)",AutoTrader.ca,2026-05-29T20:02:45.984532,LinkedIn,Software / Tech,2026-05-29
linkedin_4420485444,Remote Software Developer,Turing,2026-05-29T20:02:45.987914,LinkedIn,Software / Tech,2026-05-29
linkedin_4420602513,Remote Software Engineer ($300/hr.),Turing,2026-05-29T20:02:45.988861,LinkedIn,Software / Tech,2026-05-29
linkedin_4420667414,Software Engineer - YAML Experience,Alignerr,2026-05-29T20:02:45.990043,LinkedIn,Software / Tech,2026-05-29
linkedin_4420665343,Computer Vision &amp; ML Expert,Alignerr,2026-05-29T20:02:45.991194,LinkedIn,Other,2026-05-29
linkedin_4389827141,"Forward Deployed AI Engineer, Canada - BCG X",BCG X,2026-05-29T20:02:45.994176,LinkedIn,Software / Tech,2026-05-29
linkedin_4417925509,AI Process Forward Deployed Engineer,Camunda,2026-05-29T20:02:45.995937,LinkedIn,Software / Tech,2026-05-29
linkedin_4420325767,Statistician,Alimentiv,2026-05-29T20:02:45.996822,LinkedIn,Other,2026-05-29
linkedin_4419095397,Data Conformance &amp; Integration Specialist,iVedha Inc.,2026-05-29T20:02:46.024725,LinkedIn,Other,2026-05-29
linkedin_4419333111,Health Economics Research Officer,Canada's Drug Agency,2026-05-29T20:02:46.025849,LinkedIn,Other,2026-05-29
linkedin_4419349765,Records Management Associate,Homewood Health Centre,2026-05-29T20:02:46.026847,LinkedIn,Other,2026-05-29
linkedin_4419095368,Software Delivery Analyst (AI-Enabled Transformation),Sun Life,2026-05-29T20:02:46.030384,LinkedIn,Software / Tech,2026-05-29
linkedin_4419301206,Software Delivery Analyst (AI-Enabled Transformation),Sun Life,2026-05-29T20:02:46.032031,LinkedIn,Software / Tech,2026-05-29
linkedin_4420002028,Consulting Statistician,Alimentiv,2026-05-29T20:02:46.033313,LinkedIn,Other,2026-05-29
linkedin_4420685767,"Associate Consultant, Strategy",Ovation Healthcare,2026-05-29T20:02:46.034359,LinkedIn,Other,2026-05-29
linkedin_4419310749,Application Support Analyst,Dufferin-Peel Catholic District School Board,2026-05-29T20:02:46.039192,LinkedIn,Analyst / BA / SA,2026-05-29
linkedin_4417636623,Clinical Outcomes Specialist,Baxter International Inc.,2026-05-29T20:02:46.040174,LinkedIn,Clinical / Nursing,2026-05-29
linkedin_4420675010,Health Informatics Analyst,Alignerr,2026-05-29T20:02:46.041024,LinkedIn,Health Informatics,2026-05-29
linkedin_4420668354,Nursing Informatics Specialist,Alignerr,2026-05-29T20:02:46.046350,LinkedIn,Health Informatics,2026-05-29
linkedin_4418159402,"Analyst, Financial Services",University Health Network,2026-05-29T20:02:46.047321,LinkedIn,Analyst / BA / SA,2026-05-29
linkedin_4420627705,"Analyst, Business Process",Momentum Financial Services Group,2026-05-29T20:02:46.048478,LinkedIn,Analyst / BA / SA,2026-05-29
linkedin_4419052889,Business Analyst,Insight Global,2026-05-29T20:02:46.049491,LinkedIn,Analyst / BA / SA,2026-05-29
linkedin_4419075701,Business Systems Analyst,telMAX Inc.,2026-05-29T20:02:46.054749,LinkedIn,Analyst / BA / SA,2026-05-29
linkedin_4419093728,"Associate Operations Analyst, Mobility",Priceline,2026-05-29T20:02:46.055709,LinkedIn,Analyst / BA / SA,2026-05-29
linkedin_4419095819,Business Analyst (Open to New Grads) - Markham/Vaughan,SHEIN,2026-05-29T20:02:46.056691,LinkedIn,Analyst / BA / SA,2026-05-29
linkedin_4419091093,Supply Chain Business Systems Analyst (IT),Arterra Wines Canada,2026-05-29T20:02:46.057606,LinkedIn,Analyst / BA / SA,2026-05-29
linkedin_4420438430,Pricing Analyst,Quantum Management Services Ltd.,2026-05-29T20:02:46.058535,LinkedIn,Analyst / BA / SA,2026-05-29
linkedin_4420483983,Project Specialist,Deloitte,2026-05-29T20:02:46.061942,LinkedIn,Other,2026-05-29
linkedin_4417671058,Information Technology Business Analyst,SoTalent,2026-05-29T20:02:46.064842,LinkedIn,Analyst / BA / SA,2026-05-29
linkedin_4419333161,Business Intelligence Analyst,NSUS Group,2026-05-29T20:02:46.066173,LinkedIn,Analyst / BA / SA,2026-05-29
linkedin_4420646066,Analyst,Visa,2026-05-29T20:02:46.070878,LinkedIn,Analyst / BA / SA,2026-05-29
linkedin_4422063482,"Full Stack Web Developer, Conversations and Community",CBC/Radio-Canada,2026-05-30T20:02:38.733766,LinkedIn,Software / Tech,2026-05-30
linkedin_4421288098,Développeur ou développeuse web généraliste (full-stack),CBC/Radio-Canada,2026-05-30T20:02:38.747482,LinkedIn,Other,2026-05-30
linkedin_4421297326,"Full Stack Web Developer, Conversations and Community",Radio-Canada,2026-05-30T20:02:38.750222,LinkedIn,Software / Tech,2026-05-30
linkedin_4421331444,Software Developer,GoBolt,2026-05-30T20:02:38.752305,LinkedIn,Software / Tech,2026-05-30
linkedin_4420991755,Software Engineer,Opendoor,2026-05-30T20:02:38.754419,LinkedIn,Software / Tech,2026-05-30
linkedin_4420940311,"Software Engineer, Backend",StackAdapt,2026-05-30T20:02:38.755807,LinkedIn,Software / Tech,2026-05-30
linkedin_4417965567,Software Developer,Fidelity Canada,2026-05-30T20:02:38.773071,LinkedIn,Software / Tech,2026-05-30
linkedin_4420998565,Software Developer,Meridian Credit Union,2026-05-30T20:02:38.774683,LinkedIn,Software / Tech,2026-05-30
linkedin_4412180431,Back End Full Stack Developer,UST,2026-05-30T20:02:38.775870,LinkedIn,Software / Tech,2026-05-30
linkedin_4421218746,Remote Software Engineer ($300/hr.),Turing,2026-05-30T20:02:38.794539,LinkedIn,Software / Tech,2026-05-30
linkedin_4421235946,Remote Software Developer,Turing,2026-05-30T20:02:38.796153,LinkedIn,Software / Tech,2026-05-30
linkedin_4422012955,Programmeur Python – Données de laboratoire / Python Programmer – Laboratory Data,IQVIA,2026-05-30T20:02:38.801591,LinkedIn,Software / Tech,2026-05-30
linkedin_4421290411,API Developer,CGI,2026-05-30T20:02:38.802914,LinkedIn,Software / Tech,2026-05-30
linkedin_4412181454,Applied Researcher 2,eBay,2026-05-30T20:02:38.806638,LinkedIn,Other,2026-05-30
linkedin_4421254749,FPGA Development Tools Engineer - Graduate Intern,Altera,2026-05-30T20:02:38.808143,LinkedIn,Co-op / Intern,2026-05-30
linkedin_4422520048,Data Analyst Training And Internship Program,Ededge Groups,2026-05-30T20:02:38.809323,LinkedIn,Co-op / Intern,2026-05-30
linkedin_4412182451,Applied Researcher 1,eBay,2026-05-30T20:02:38.817556,LinkedIn,Other,2026-05-30
linkedin_4420991459,Instrumentation &amp; Monitoring (I&amp;M) Analyst,Green Infrastructure Partners,2026-05-30T20:02:38.824916,LinkedIn,Analyst / BA / SA,2026-05-30
linkedin_4421202616,TDS Operations Analyst I,TD,2026-05-30T20:02:38.833985,LinkedIn,Analyst / BA / SA,2026-05-30
linkedin_4421229799,TDS Operations Analyst I,TD Securities,2026-05-30T20:02:38.835318,LinkedIn,Analyst / BA / SA,2026-05-30
linkedin_4421295345,KOFAX Systems &amp; Application Operations Analyst,CGI,2026-05-30T20:02:38.839285,LinkedIn,Analyst / BA / SA,2026-05-30
linkedin_4422051627,Business Analyst,ThoughtStorm,2026-05-30T20:02:38.841077,LinkedIn,Analyst / BA / SA,2026-05-30
linkedin_4408795554,Junior Business Analyst and Workflow Analyst,ZenaTech Inc.,2026-05-30T20:02:38.847108,LinkedIn,Analyst / BA / SA,2026-05-30
linkedin_4420991853,Applications Analyst,Mackenzie Health,2026-05-30T20:02:38.848468,LinkedIn,Analyst / BA / SA,2026-05-30
linkedin_4421237950,Business Systems Analyst,CIBC,2026-05-30T20:02:38.850005,LinkedIn,Analyst / BA / SA,2026-05-30
linkedin_4418318334,Business Operations Analyst,Argano,2026-05-30T20:02:38.850972,LinkedIn,Analyst / BA / SA,2026-05-30
linkedin_4420979788,Business Analyst,CIBC,2026-05-30T20:02:38.857944,LinkedIn,Analyst / BA / SA,2026-05-30
linkedin_4422518352,CRM Technical Business Analyst,Canadian Cancer Society,2026-05-30T20:02:38.859138,LinkedIn,Analyst / BA / SA,2026-05-30
linkedin_4422062941,Business Intelligence Analyst,EF Educational Tours,2026-05-30T20:02:38.859872,LinkedIn,Analyst / BA / SA,2026-05-30
linkedin_4420996796,Business Analyst -PL/SQL/T-SQL,J&amp;M Group,2026-05-30T20:02:38.860607,LinkedIn,Analyst / BA / SA,2026-05-30
linkedin_4422001494,Business Analyst,OMNISTARR,2026-05-30T20:02:38.861667,LinkedIn,Analyst / BA / SA,2026-05-30
linkedin_4411963134,Logistics Analyst,HelloFresh,2026-05-30T20:02:38.863299,LinkedIn,Analyst / BA / SA,2026-05-30
linkedin_4421310037,Systems Analyst III,TELUS Health,2026-05-30T20:02:38.866314,LinkedIn,Analyst / BA / SA,2026-05-30
linkedin_4422027378,Business Analyst,Comprehensive Resources Inc,2026-05-30T20:02:38.872361,LinkedIn,Analyst / BA / SA,2026-05-30
linkedin_4417995216,"Analyst, Logistics Data",Atlantic Packaging Products Ltd.,2026-05-30T20:02:38.874900,LinkedIn,Analyst / BA / SA,2026-05-30
linkedin_4420986177,Business Analyst,Luxoft,2026-05-30T20:02:38.881973,LinkedIn,Analyst / BA / SA,2026-05-30
linkedin_4403512894,Software Engineer,Fox Corporation,2026-05-31T20:02:46.587942,LinkedIn,Software / Tech,2026-05-31
linkedin_4378635211,Intern - Technical,SS&amp;C Technologies,2026-05-31T20:02:46.595997,LinkedIn,Co-op / Intern,2026-05-31
linkedin_4354848366,"Software Engineer, Metal Runtime (Core Systems)",Tenstorrent,2026-05-31T20:02:46.597547,LinkedIn,Software / Tech,2026-05-31
linkedin_4403525499,Full-Stack Developer (Backend-Focused) - 6 Month Contract,Postmedia Network Inc.,2026-05-31T20:02:46.598913,LinkedIn,Software / Tech,2026-05-31
linkedin_4380628891,Quantitative Software Engineer - Data-Driven Global Investment Firm,Andiamo,2026-05-31T20:02:46.599795,LinkedIn,Software / Tech,2026-05-31
linkedin_4310069142,MES Consultant / Engineer,Amaris Consulting,2026-05-31T20:02:46.600864,LinkedIn,Software / Tech,2026-05-31
linkedin_4412417887,Google DialogFlow Developer,CGI,2026-05-31T20:02:46.601816,LinkedIn,Software / Tech,2026-05-31
linkedin_4422559201,Statistician,Alimentiv,2026-05-31T20:02:46.603785,LinkedIn,Other,2026-05-31
linkedin_4422544187,Consulting Statistician,Alimentiv,2026-05-31T20:02:46.608920,LinkedIn,Other,2026-05-31
linkedin_4421354769,Clinic Operations Specialist – SaaS Implementation,BoomerangFX,2026-05-31T20:02:46.610272,LinkedIn,Other,2026-05-31
linkedin_4403136342,Research/Operations Assistant,Everest Clinical Research,2026-05-31T20:02:46.611243,LinkedIn,Other,2026-05-31
linkedin_4421343235,Site Activation Specialist I,Syneos Health,2026-05-31T20:02:46.612078,LinkedIn,Other,2026-05-31
linkedin_4372164002,IT Data Specialist,TD,2026-05-31T20:02:46.612893,LinkedIn,Other,2026-05-31
linkedin_4400858839,Systems Analyst,CAA Club Group,2026-05-31T20:02:46.616170,LinkedIn,Analyst / BA / SA,2026-05-31
linkedin_4422527693,Project Coordinator (Integration) - Project Horizon,The Hospital for Sick Children,2026-05-31T20:02:46.618292,LinkedIn,Other,2026-05-31
linkedin_4412419306,Operations Analyst,"Connor, Clark &amp; Lunn Private Capital Ltd. (CC&amp;L)",2026-05-31T20:02:46.619106,LinkedIn,Analyst / BA / SA,2026-05-31
linkedin_4412184354,Business Systems Analyst (Contact Center),CGI,2026-05-31T20:02:46.620359,LinkedIn,Analyst / BA / SA,2026-05-31
linkedin_4402190526,Business Analyst,Scotiabank,2026-05-31T20:02:46.625034,LinkedIn,Analyst / BA / SA,2026-05-31
linkedin_4411958326,Asset Management Analyst,BrokerLink,2026-05-31T20:02:46.628007,LinkedIn,Analyst / BA / SA,2026-05-31
linkedin_4418390689,Python Developer,Procom,2026-06-01T20:02:18.448993,LinkedIn,Software / Tech,2026-06-01
linkedin_4391213025,"Engineer, AppDev and AI",Softchoice,2026-06-01T20:02:18.457691,LinkedIn,Software / Tech,2026-06-01
linkedin_4421690348,Engineer,Compound Canada,2026-06-01T20:02:18.459590,LinkedIn,Software / Tech,2026-06-01
linkedin_4391222674,Software Engineer (Capital Markets &amp; Reference Data),Scotiabank,2026-06-01T20:02:18.466145,LinkedIn,Software / Tech,2026-06-01
linkedin_4418705128,Product Engineer,Sitetracker,2026-06-01T20:02:18.473259,LinkedIn,Software / Tech,2026-06-01
linkedin_4402736949,Quality Engineer Associate,Scotiabank,2026-06-01T20:02:18.475726,LinkedIn,Software / Tech,2026-06-01
linkedin_4412464673,"Software Development Engineer, Sponsored Products and Brands",Amazon,2026-06-01T20:02:18.481685,LinkedIn,Software / Tech,2026-06-01
linkedin_4392051841,"Software Development Engineer II, Amazon Fulfillment Technologies (AFT) - Workforce Optimization",Amazon,2026-06-01T20:02:18.492347,LinkedIn,Software / Tech,2026-06-01
linkedin_4403166660,Azure Application Developer (SQL),CGI,2026-06-01T20:02:18.512831,LinkedIn,Software / Tech,2026-06-01
linkedin_4364540502,Analyst - Analytics Engineering - Toronto,Teragonia,2026-06-01T20:02:18.518208,LinkedIn,Software / Tech,2026-06-01
linkedin_4419334129,Azure Full Stack / AI Developer,Enterprise Solutions Inc.,2026-06-01T20:02:18.519387,LinkedIn,Software / Tech,2026-06-01
linkedin_4363415856,Data Engineering Specialist,Aecon Group Inc.,2026-06-01T20:02:18.520626,LinkedIn,Software / Tech,2026-06-01
linkedin_4381048939,Data Scientist - Data-Driven Global Investment Firm,Andiamo,2026-06-01T20:02:18.521719,LinkedIn,Other,2026-06-01
linkedin_4403526544,Quality Assurance Engineer - 6-Month Contract,Postmedia Network Inc.,2026-06-01T20:02:18.525163,LinkedIn,Software / Tech,2026-06-01
linkedin_4412717160,"Responsable de la livraison, Systèmes d'information cliniques",Accenture,2026-06-01T20:02:18.526646,LinkedIn,Other,2026-06-01
linkedin_4381062803,"Analyst, Service Desk &amp; Automation",Ontario Medical Association,2026-06-01T20:02:18.528048,LinkedIn,Analyst / BA / SA,2026-06-01
linkedin_4422592521,Workplace AI Business Analyst Specialist,Alimentiv,2026-06-01T20:02:18.531823,LinkedIn,Analyst / BA / SA,2026-06-01
linkedin_4381068520,"Analyst, Endpoint Security",Ontario Medical Association,2026-06-01T20:02:18.532924,LinkedIn,Analyst / BA / SA,2026-06-01
linkedin_4421641892,ERP Key User - EWM,Septodont,2026-06-01T20:02:18.534677,LinkedIn,Other,2026-06-01
linkedin_4421644767,ERP Key User - S2P,Septodont,2026-06-01T20:02:18.544698,LinkedIn,Other,2026-06-01
linkedin_4343336167,Data Designer II,TD,2026-06-01T20:02:18.548095,LinkedIn,Other,2026-06-01
linkedin_4390961743,Business Systems Analyst,The Salvation Army in Canada,2026-06-01T20:02:18.549992,LinkedIn,Analyst / BA / SA,2026-06-01
linkedin_4422842026,"Intermediate Technical Analyst, Network &amp; Security",Toronto Police Service,2026-06-01T20:02:18.551032,LinkedIn,Analyst / BA / SA,2026-06-01
linkedin_4343385973,Data Designer III,TD,2026-06-01T20:02:18.552046,LinkedIn,Other,2026-06-01
linkedin_4403516740,Full-Stack Developer (Backend-Focused) - 6 Month Contract,Postmedia Network Inc.,2026-06-01T20:02:18.553826,LinkedIn,Software / Tech,2026-06-01
linkedin_4422891823,Full Stack Developer - Entry Level,Scotiabank,2026-06-02T22:17:16.671031,LinkedIn,Software / Tech,2026-06-02
linkedin_4422129897,Software Engineer I (Java/Python/Golang),TD,2026-06-02T22:17:16.681113,LinkedIn,Software / Tech,2026-06-02
linkedin_4422137246,Early Career Software Developer - Test Framework,General Motors,2026-06-02T22:17:16.682602,LinkedIn,Software / Tech,2026-06-02
linkedin_4423908467,Java Developer,Citi,2026-06-02T22:17:16.683373,LinkedIn,Software / Tech,2026-06-02
linkedin_4422178134,Software Developer – Fullstack (Mid Level),henon,2026-06-02T22:17:16.687891,LinkedIn,Software / Tech,2026-06-02
linkedin_4421855909,Data Engineer I (ETL Developer),TD,2026-06-02T22:17:16.689552,LinkedIn,Software / Tech,2026-06-02
linkedin_4349114901,Associate Salesforce Engineer,Thomson Reuters,2026-06-02T22:17:16.690482,LinkedIn,Software / Tech,2026-06-02
linkedin_4422135481,Android Developer,VySystems,2026-06-02T22:17:16.696100,LinkedIn,Software / Tech,2026-06-02
linkedin_4421896006,Data Engineer,Elastify,2026-06-02T22:17:16.697559,LinkedIn,Software / Tech,2026-06-02
linkedin_4422868784,Full Stack Engineer,RedBranch Executive Search &amp; Recruitment,2026-06-02T22:17:16.698333,LinkedIn,Software / Tech,2026-06-02
linkedin_4421888539,Software Developer - Full Stack,"CCI- Computer Consultants International, Inc.",2026-06-02T22:17:16.699737,LinkedIn,Software / Tech,2026-06-02
linkedin_4422132618,Full Stack Developer,Mindlance,2026-06-02T22:17:16.701589,LinkedIn,Software / Tech,2026-06-02
linkedin_4422124082,UI Developer - React/Next.js,Techedin,2026-06-02T22:17:16.705819,LinkedIn,Software / Tech,2026-06-02
linkedin_4418754851,Identity Engineer,"Global Technical Talent, an Inc. 5000 Company",2026-06-02T22:17:16.708456,LinkedIn,Software / Tech,2026-06-02
linkedin_4421879150,Salesforce QA Engineer,Avanciers Inc.,2026-06-02T22:17:16.709394,LinkedIn,Software / Tech,2026-06-02
linkedin_4421815339,Remote Software Engineer ($300/hr.),Turing,2026-06-02T22:17:16.710265,LinkedIn,Software / Tech,2026-06-02
linkedin_4421888855,Remote Software Developer,Turing,2026-06-02T22:17:16.720004,LinkedIn,Software / Tech,2026-06-02
linkedin_4423286310,Machine Learning Associate,Vector Institute,2026-06-02T22:17:16.724506,LinkedIn,Other,2026-06-02
linkedin_4422160990,Ingénieur en logiciels I,TD,2026-06-02T22:17:16.726865,LinkedIn,Other,2026-06-02
linkedin_4423910323,"Research Analyst I, Neuroscience &amp; Mental Health",The Hospital for Sick Children,2026-06-02T22:17:16.729919,LinkedIn,Analyst / BA / SA,2026-06-02
linkedin_4412569504,"Life Cycle Support Intern (Fall 2026, 4-8months)",Hitachi Rail,2026-06-02T22:17:16.731324,LinkedIn,Co-op / Intern,2026-06-02
linkedin_4423793964,"Forward Deployed Engineer, Agentic Platform",Cohere,2026-06-02T22:17:16.738507,LinkedIn,Software / Tech,2026-06-02
linkedin_4422301013,Masters or PhD Researcher,Alignerr,2026-06-02T22:17:16.740907,LinkedIn,Other,2026-06-02
linkedin_4422178939,General Postdoctoral Researcher (Masters/PhDs),Alignerr,2026-06-02T22:17:16.741958,LinkedIn,Other,2026-06-02
linkedin_4418760723,Data Analyst,"Global Technical Talent, an Inc. 5000 Company",2026-06-02T22:17:16.751528,LinkedIn,Data / Analytics,2026-06-02
linkedin_4418770676,Intermediate Data Analyst,"Global Technical Talent, an Inc. 5000 Company",2026-06-02T22:17:16.765417,LinkedIn,Data / Analytics,2026-06-02
linkedin_4422116212,New Grad: Operations Analyst,CGI,2026-06-02T22:17:16.772107,LinkedIn,Analyst / BA / SA,2026-06-02
linkedin_4423402175,"Intern Analyst, Data &amp; Technology (September 2026 - April 2027)",University Pension Plan Ontario,2026-06-02T22:17:16.784109,LinkedIn,Co-op / Intern,2026-06-02
linkedin_4422137346,Data Scientist,Ontario Teachers' Pension Plan,2026-06-02T22:17:16.800693,LinkedIn,Other,2026-06-02
linkedin_4418789903,Hearing Instrument Clinical Specialist - FHLS - TPT,Humber College,2026-06-02T22:17:16.808468,LinkedIn,Clinical / Nursing,2026-06-02
linkedin_4422188350,Platform Support Analyst (L1),TripArc,2026-06-02T22:17:16.825262,LinkedIn,Analyst / BA / SA,2026-06-02
linkedin_4422133245,Junior Business Analyst - healthcare,Bevertec,2026-06-02T22:17:16.826547,LinkedIn,Analyst / BA / SA,2026-06-02
linkedin_4422307125,Junior Business Analyst,GFL Environmental Inc.,2026-06-02T22:17:16.830740,LinkedIn,Analyst / BA / SA,2026-06-02
linkedin_4422151735,Junior Business Analyst,GFL - Sewer Technologies Division,2026-06-02T22:17:16.831746,LinkedIn,Analyst / BA / SA,2026-06-02
linkedin_4423298047,Junior Business Analyst,MacDonald Search Group,2026-06-02T22:17:16.832257,LinkedIn,Analyst / BA / SA,2026-06-02
linkedin_4423287184,Business Analyst,ThoughtStorm,2026-06-02T22:17:16.832686,LinkedIn,Analyst / BA / SA,2026-06-02
linkedin_4418760791,IT &amp; Cyber Business Analyst,Questrade Financial Group,2026-06-02T22:17:16.833095,LinkedIn,Analyst / BA / SA,2026-06-02
linkedin_4422879975,Analyst Health Data,Ontario HIV Treatment Network,2026-06-02T22:17:16.833538,LinkedIn,Analyst / BA / SA,2026-06-02
linkedin_4421889619,Business Analyst (26-16859),Russell Tobin,2026-06-02T22:17:16.833887,LinkedIn,Analyst / BA / SA,2026-06-02
linkedin_4423211507,Business Analyst,Amphenol Communications Solutions,2026-06-02T22:17:16.834252,LinkedIn,Analyst / BA / SA,2026-06-02
linkedin_4418777429,Project Coordinator -IHS Business Develop Adm,Trillium Health Partners,2026-06-02T22:17:16.834572,LinkedIn,Other,2026-06-02
linkedin_4409983422,Business Analyst (Group),Empire Life,2026-06-02T22:17:16.834918,LinkedIn,Analyst / BA / SA,2026-06-02
linkedin_4422144348,Application Specialist (Pharmacy),University Health Network,2026-06-02T22:17:16.835305,LinkedIn,Other,2026-06-02
linkedin_4421852889,Health Information Management (HIM) Administrator,Joseph Brant Hospital &amp; Foundation,2026-06-02T22:17:16.835668,LinkedIn,Health Admin / Records,2026-06-02
linkedin_4422897992,Business Analyst,ThoughtStorm,2026-06-02T22:17:16.836116,LinkedIn,Analyst / BA / SA,2026-06-02
linkedin_4421878097,Clinical Coordinator - Ambulatory Multi Organ Transplant,University Health Network,2026-06-02T22:17:16.836628,LinkedIn,Clinical / Nursing,2026-06-02
greenhouse_flipp_7972966,"Marketing Science Analyst, Retail Media Networks",Flipp,2026-06-02T22:17:16.837017,Greenhouse,Analyst / BA / SA,2026-06-02
lever_pointclickcare_aa350ca4-59d6-4ffd-aa7f-00dceb82c3a6,"Solutions Analyst (TAM, Customer Support)",PointClickCare,2026-06-02T22:17:16.837544,Lever,Analyst / BA / SA,2026-06-02
linkedin_4422611120,Software Engineer I - Reconciliations,TD,2026-06-03T20:02:15.492207,LinkedIn,Software / Tech,2026-06-03
linkedin_4423956585,Frontend Engineer,Ecopia AI,2026-06-03T20:02:15.499761,LinkedIn,Software / Tech,2026-06-03
linkedin_4424007332,"Software Developer, New Grad",IXL Learning,2026-06-03T20:02:15.502050,LinkedIn,Software / Tech,2026-06-03
linkedin_4423951540,Backend Engineer,Ecopia AI,2026-06-03T20:02:15.504051,LinkedIn,Software / Tech,2026-06-03
linkedin_4424052554,Software Engineer,CommerceIQ,2026-06-03T20:02:15.505231,LinkedIn,Software / Tech,2026-06-03
linkedin_4423984801,Software Engineer,MSRcosmos LLC,2026-06-03T20:02:15.506053,LinkedIn,Software / Tech,2026-06-03
linkedin_4413294355,Full Stack Developer,Deloitte,2026-06-03T20:02:15.506885,LinkedIn,Software / Tech,2026-06-03
linkedin_4423993369,Junior SQL Developer,Imagine Communications,2026-06-03T20:02:15.508411,LinkedIn,Software / Tech,2026-06-03
linkedin_4378886284,Technical Consultant,Pariveda,2026-06-03T20:02:15.510248,LinkedIn,Other,2026-06-03
linkedin_4422457420,Software Developer 2 (Contract Until March 2027),TVO,2026-06-03T20:02:15.514220,LinkedIn,Software / Tech,2026-06-03
linkedin_4422459709,Ingénieur en logiciels I,TD,2026-06-03T20:02:15.515340,LinkedIn,Other,2026-06-03
linkedin_4423983804,React Full Stack Developer,Citi,2026-06-03T20:02:15.516596,LinkedIn,Software / Tech,2026-06-03
linkedin_4372039207,UI Developer,Citi,2026-06-03T20:02:15.518122,LinkedIn,Software / Tech,2026-06-03
linkedin_4424016134,"Software Engineer II, Backend (Capital Orchestration)",Affirm,2026-06-03T20:02:15.524071,LinkedIn,Software / Tech,2026-06-03
linkedin_4422621521,Remote Software Engineer ($300/hr.),Turing,2026-06-03T20:02:15.525722,LinkedIn,Software / Tech,2026-06-03
linkedin_4422462396,Remote Software Developer,Turing,2026-06-03T20:02:15.531630,LinkedIn,Software / Tech,2026-06-03
linkedin_4422694025,Scientist AI &amp; Chip Design Engineer,Cognichip,2026-06-03T20:02:15.544314,LinkedIn,Software / Tech,2026-06-03
linkedin_4422474511,Intern - Multidisciplinary Design Optimization (MDO) - Advanced Design (Fall 2026),Bombardier,2026-06-03T20:02:15.550830,LinkedIn,Co-op / Intern,2026-06-03
linkedin_4419683515,AI Process Forward Deployed Engineer,Camunda,2026-06-03T20:02:15.551756,LinkedIn,Software / Tech,2026-06-03
linkedin_4422609737,Business Systems Analyst,Apex Systems,2026-06-03T20:02:15.557679,LinkedIn,Analyst / BA / SA,2026-06-03
linkedin_4422499652,"Integrity Analyst (Hiring Day June 23, 2026)",JANA Corporation,2026-06-03T20:02:15.558648,LinkedIn,Analyst / BA / SA,2026-06-03
linkedin_4423941963,Epic Advisor - CSI Applications - Grand Central/Cadence/Mychart,Trillium Health Partners,2026-06-03T20:02:15.559779,LinkedIn,Other,2026-06-03
linkedin_4423957270,Epic Advisor - CSI Applications - Cupid/Lumens,Trillium Health Partners,2026-06-03T20:02:15.565879,LinkedIn,Other,2026-06-03
linkedin_4423315021,Software Developer,CGI,2026-06-04T21:43:56.295232,LinkedIn,Software / Tech,2026-06-04
linkedin_4422985593,Machine Learning Software Engineer / Developer,J&amp;M Group,2026-06-04T21:43:56.309971,LinkedIn,Software / Tech,2026-06-04
linkedin_4423055526,Remote Software Developer,Turing,2026-06-04T21:43:56.347863,LinkedIn,Software / Tech,2026-06-04
linkedin_4422946751,Remote Software Engineer ($300/hr.),Turing,2026-06-04T21:43:56.369527,LinkedIn,Software / Tech,2026-06-04
linkedin_4423059159,Applied Machine Learning Scientist I,TD,2026-06-04T21:43:56.370841,LinkedIn,Other,2026-06-04
linkedin_4424214059,"DÉVELOPPEUR, LOGICIELS",The Home Depot Canada,2026-06-04T21:43:56.387883,LinkedIn,Other,2026-06-04
linkedin_4423007572,Ingénieur en logiciels I,TD,2026-06-04T21:43:56.389789,LinkedIn,Other,2026-06-04
linkedin_4424285152,Data Scientist - AI Governance,Intact,2026-06-04T21:43:56.390887,LinkedIn,Other,2026-06-04
linkedin_4424273420,Low-Latency C++ Developer,LSEG,2026-06-04T21:43:56.392453,LinkedIn,Software / Tech,2026-06-04
linkedin_4420110802,Business Systems Analyst,"Global Technical Talent, an Inc. 5000 Company",2026-06-04T21:43:56.394537,LinkedIn,Analyst / BA / SA,2026-06-04
linkedin_4420163058,Intermediate Data Analyst,"Global Technical Talent, an Inc. 5000 Company",2026-06-04T21:43:56.746338,LinkedIn,Data / Analytics,2026-06-04
linkedin_4423080951,OpenClaw Trace Contributor — AI Agent Data,Alignerr,2026-06-04T21:43:56.770728,LinkedIn,Other,2026-06-04
linkedin_4424273564,Scientifique de données - Gouvernance IA,Intact,2026-06-04T21:43:56.986606,LinkedIn,Other,2026-06-04
linkedin_4423006565,"Scientifique I, Apprentissage automatique appliqué",TD,2026-06-04T21:43:57.049297,LinkedIn,Other,2026-06-04
linkedin_4424329675,The Clinical Foundations Program,LASIK MD,2026-06-04T21:43:57.156552,LinkedIn,Clinical / Nursing,2026-06-04
linkedin_4424245859,Junior Business Analyst,Scotiabank,2026-06-04T21:43:57.161461,LinkedIn,Analyst / BA / SA,2026-06-04
linkedin_4424232168,Business System Analyst,Iris Software Inc.,2026-06-04T21:43:57.163142,LinkedIn,Analyst / BA / SA,2026-06-04
linkedin_4424271662,Business &amp; Systems Consultant,Sun Life,2026-06-04T21:43:57.172115,LinkedIn,Other,2026-06-04
linkedin_4424252526,Technical Business Analyst,Scotiabank,2026-06-04T21:43:57.176971,LinkedIn,Analyst / BA / SA,2026-06-04
linkedin_4424331535,Business System Analyst - Connected Car Services,CyberCoders,2026-06-04T21:43:57.181174,LinkedIn,Analyst / BA / SA,2026-06-04
linkedin_4423062049,Business System Analyst,BMO,2026-06-04T21:43:57.182177,LinkedIn,Analyst / BA / SA,2026-06-04
linkedin_4424240700,Solutions Analyst,CanDeal,2026-06-04T21:43:57.185119,LinkedIn,Analyst / BA / SA,2026-06-04
linkedin_4420122368,Information Technology Application Analyst,Canada Cartage,2026-06-04T21:43:57.186325,LinkedIn,Analyst / BA / SA,2026-06-04
linkedin_4423053116,Business Applications &amp; Digital Transformation Specialist,National Consultants Professionals Ltd,2026-06-04T21:43:57.370464,LinkedIn,Other,2026-06-04
linkedin_4423029365,Business Analyst (Order to Cash),SearchLabs,2026-06-04T21:43:57.377907,LinkedIn,Analyst / BA / SA,2026-06-04
linkedin_4414211449,"IT Support Analyst- eFX, ION eTrading",TD,2026-06-04T21:43:57.379749,LinkedIn,Analyst / BA / SA,2026-06-04
linkedin_4423352034,Systems Analyst,Halton Region,2026-06-04T21:43:57.400742,LinkedIn,Analyst / BA / SA,2026-06-04
linkedin_4404529315,Business Application Support Analyst,Mammoet,2026-06-04T21:43:57.503640,LinkedIn,Analyst / BA / SA,2026-06-04
linkedin_4424242568,Human Resources Information System Consultant,Dexian,2026-06-04T21:43:57.901705,LinkedIn,Other,2026-06-04
linkedin_4422970174,Healthcare Business Analyst,"Accelyst, LLC",2026-06-04T21:43:57.904453,LinkedIn,Analyst / BA / SA,2026-06-04
linkedin_4420168083,Commercial Excellence Analyst,Mölnlycke Health Care,2026-06-04T21:43:57.906062,LinkedIn,Analyst / BA / SA,2026-06-04
linkedin_4423053237,Business Management Analyst I (5036),TD,2026-06-04T21:43:57.922749,LinkedIn,Analyst / BA / SA,2026-06-04
linkedin_4423377960,Business Analyst,"CCI- Computer Consultants International, Inc.",2026-06-04T21:43:57.925701,LinkedIn,Analyst / BA / SA,2026-06-04
linkedin_4403992199,(Canada) Software Implementation Consultant - Clinical,PointClickCare,2026-06-04T21:43:57.926998,LinkedIn,Software / Tech,2026-06-04
linkedin_4424314076,Clinical Data Analyst,Alimentiv,2026-06-04T21:43:58.403024,LinkedIn,Data / Analytics,2026-06-04
linkedin_4422948681,Product Analyst - Wealth Management,,2026-06-04T21:43:58.535832,LinkedIn,Analyst / BA / SA,2026-06-04
linkedin_4424410486,Data Quality Analyst,ICES,2026-06-04T21:43:58.601696,LinkedIn,Data / Analytics,2026-06-04
linkedin_4393979457,Clinical Research Assistant,Everest Clinical Research,2026-06-04T21:43:58.604343,LinkedIn,Clinical / Nursing,2026-06-04
linkedin_4422987285,"Medical Billing Specialist, DoctorCare",WELLSTAR Technologies,2026-06-04T21:43:58.890847,LinkedIn,Other,2026-06-04
linkedin_4423317497,Statistician,Alimentiv,2026-06-04T21:43:58.949478,LinkedIn,Other,2026-06-04
linkedin_4424315153,AI Product Analyst – Global Technology Operations,Manulife,2026-06-04T21:43:58.951456,LinkedIn,Analyst / BA / SA,2026-06-04
linkedin_4422995723,"GIS Data Analyst, Ratio.City",Esri Canada,2026-06-04T21:43:58.953506,LinkedIn,Data / Analytics,2026-06-04
linkedin_4422971832,HR Systems and Reporting Analyst - Human Resources,William Osler Health System,2026-06-04T21:43:58.955988,LinkedIn,Analyst / BA / SA,2026-06-04
linkedin_4423060324,2026 Technology Transfer Associate Intern,Roche,2026-06-04T21:43:58.957589,LinkedIn,Co-op / Intern,2026-06-04
linkedin_4423516698,Junior Software Developer,Teckhorizon Inc,2026-06-05T20:41:49.344996,LinkedIn,Software / Tech,2026-06-05
linkedin_4424445837,"Frontend Engineer (Post Grad, Remote-First)",over99,2026-06-05T20:41:49.349888,LinkedIn,Software / Tech,2026-06-05
linkedin_4424105332,"Frontend Engineer (Post Grad, Remote-First)",GamblingCareers.com,2026-06-05T20:41:49.351766,LinkedIn,Software / Tech,2026-06-05
linkedin_4423508160,Front-End Developer,alertdriving®,2026-06-05T20:41:49.353687,LinkedIn,Software / Tech,2026-06-05
linkedin_4423580594,Associate Software Engineer,TD,2026-06-05T20:41:49.355440,LinkedIn,Software / Tech,2026-06-05
linkedin_4424414838,"Junior Developer with Python, PySpark and SQL",Scotiabank,2026-06-05T20:41:49.357030,LinkedIn,Software / Tech,2026-06-05
linkedin_4414944494,Software Developer - Early Career,General Motors,2026-06-05T20:41:49.368280,LinkedIn,Software / Tech,2026-06-05
linkedin_4424703303,Software Engineer,Viggle,2026-06-05T20:41:49.372622,LinkedIn,Software / Tech,2026-06-05
linkedin_4423582832,"Consultant, Back End Developer",CIBC,2026-06-05T20:41:49.374190,LinkedIn,Software / Tech,2026-06-05
linkedin_4423584219,Early Career Software Developer – Virtualization and SIL Integration,General Motors,2026-06-05T20:41:49.375846,LinkedIn,Software / Tech,2026-06-05
linkedin_4410639453,Associate Apps Architect,Bayshore HealthCare,2026-06-05T20:41:49.377181,LinkedIn,Other,2026-06-05
linkedin_4424234409,React developer,Talenzaa,2026-06-05T20:41:49.395428,LinkedIn,Software / Tech,2026-06-05
linkedin_4405082909,"Software Engineer II, Full-Stack (Marketplace Performance)",Affirm,2026-06-05T20:41:49.397395,LinkedIn,Software / Tech,2026-06-05
linkedin_4423584146,Associate Platform Engineer II,TD,2026-06-05T20:41:49.399350,LinkedIn,Software / Tech,2026-06-05
linkedin_4423599012,"Software Engineer, Backend",StackAdapt,2026-06-05T20:41:49.401069,LinkedIn,Software / Tech,2026-06-05
linkedin_4355191434,Software Developer,Scotiabank,2026-06-05T20:41:49.402570,LinkedIn,Software / Tech,2026-06-05
linkedin_4383787379,IoT Developer,Magna International,2026-06-05T20:41:49.404168,LinkedIn,Software / Tech,2026-06-05
linkedin_4424108812,Health Informatics Analyst,Alignerr,2026-06-05T20:41:49.406157,LinkedIn,Health Informatics,2026-06-05
linkedin_4424124233,Nursing Informatics Specialist,Alignerr,2026-06-05T20:41:49.407336,LinkedIn,Health Informatics,2026-06-05
linkedin_4423549348,Analyst - Prime Brokerage Data Analytics,TD,2026-06-05T20:41:49.408440,LinkedIn,Data / Analytics,2026-06-05
linkedin_4423573645,Analyst - Prime Brokerage Data Analytics,TD Securities,2026-06-05T20:41:49.409608,LinkedIn,Data / Analytics,2026-06-05
linkedin_4424472195,Junior Business Analyst - Treasury Systems &amp; Transformation,Manulife,2026-06-05T20:41:49.410887,LinkedIn,Analyst / BA / SA,2026-06-05
linkedin_4423364877,Intermediate Systems and Network Analyst,"De La Salle College ""Oaklands""",2026-06-05T20:41:49.412434,LinkedIn,Analyst / BA / SA,2026-06-05
linkedin_4423597016,Systems Analyst II,TELUS Health,2026-06-05T20:41:49.413591,LinkedIn,Analyst / BA / SA,2026-06-05
linkedin_4423514758,Software Engineer,Parallelz,2026-06-05T20:41:49.414863,LinkedIn,Software / Tech,2026-06-05
linkedin_4424118864,PowerBI / PowerApps developer,CGI,2026-06-05T20:41:49.415445,LinkedIn,Software / Tech,2026-06-05
linkedin_4424466108,"Intern Analyst, Development (September 2026 - April 2027)",University Pension Plan Ontario,2026-06-05T20:41:49.415999,LinkedIn,Co-op / Intern,2026-06-05
linkedin_4423505081,Remote Software Engineer ($300/hr.),Turing,2026-06-05T20:41:49.416477,LinkedIn,Software / Tech,2026-06-05
linkedin_4423581062,Remote Software Developer,Turing,2026-06-05T20:41:49.416930,LinkedIn,Software / Tech,2026-06-05
linkedin_4424110666,Software Engineer - YAML Experience,Alignerr,2026-06-05T20:41:49.417372,LinkedIn,Software / Tech,2026-06-05
linkedin_4423572867,Controls &amp; OT Integration Engineer,Vireco Solutions,2026-06-05T20:41:49.417837,LinkedIn,Software / Tech,2026-06-05
linkedin_4420753829,AI Process Forward Deployed Engineer,Camunda,2026-06-05T20:41:49.418390,LinkedIn,Software / Tech,2026-06-05
linkedin_4423546354,Ingénieur ou ingénieure assoc. II,TD,2026-06-05T20:41:49.419101,LinkedIn,Other,2026-06-05
linkedin_4423580766,Financial Analyst I,University Health Network,2026-06-05T20:41:49.419743,LinkedIn,Analyst / BA / SA,2026-06-05
linkedin_4423575793,Early Career Software Developer – Virtualization and SIL Integration,General Motors,2026-06-05T20:41:49.420279,LinkedIn,Software / Tech,2026-06-05
linkedin_4423539979,Android Developer,VySystems,2026-06-05T20:41:49.420742,LinkedIn,Software / Tech,2026-06-05
linkedin_4424418822,Salesforce Developer,Envision Technology Solutions,2026-06-05T20:41:49.421199,LinkedIn,Software / Tech,2026-06-05
linkedin_4414971817,"Software Developer, Data Ingestion, Developer Framework",Kinaxis,2026-06-05T20:41:49.421612,LinkedIn,Software / Tech,2026-06-05
linkedin_4422978326,Software Developer,University Health Network,2026-06-05T20:41:49.422101,LinkedIn,Software / Tech,2026-06-05
linkedin_4419644361,IT Service Desk Analyst,Gateway Casinos and Entertainment Limited,2026-06-05T20:41:49.422567,LinkedIn,Analyst / BA / SA,2026-06-05
linkedin_4424497671,Statistician,Alimentiv,2026-06-05T20:41:49.423036,LinkedIn,Other,2026-06-05
linkedin_4423577968,Research Analyst I,University Health Network,2026-06-05T20:41:49.423676,LinkedIn,Analyst / BA / SA,2026-06-05
linkedin_4390397017,AI &amp; Automation Operations Support Analyst,Postmedia Network Inc.,2026-06-05T20:41:49.424524,LinkedIn,Analyst / BA / SA,2026-06-05
linkedin_4424569042,Program Coordinator,The Hospital for Sick Children,2026-06-05T20:41:49.425343,LinkedIn,Other,2026-06-05
linkedin_4424513507,TMF Associate,Alimentiv,2026-06-05T20:41:49.426047,LinkedIn,Other,2026-06-05
linkedin_4423521755,Payroll Analyst,Medtronic,2026-06-05T20:41:49.426663,LinkedIn,Analyst / BA / SA,2026-06-05
linkedin_4423574917,Data Analyst - Claims,Co-operators,2026-06-05T20:41:49.427097,LinkedIn,Data / Analytics,2026-06-05
linkedin_4410481881,Privacy Analyst,ICES,2026-06-05T20:41:49.427575,LinkedIn,Analyst / BA / SA,2026-06-05
lever_pointclickcare_0149539a-8971-409a-83b1-275bd9a4b2f6,(Canada) Solutions Analyst - Financial (West Coast),PointClickCare,2026-06-05T20:41:49.428134,Lever,Analyst / BA / SA,2026-06-05
linkedin_4424949771,RQ11175 - Software Developer - Junior,S M Software Solutions Inc,2026-06-06T20:50:07.446300,LinkedIn,Software / Tech,2026-06-06
linkedin_4424744299,Full Stack Engineer,StackAdapt,2026-06-06T20:50:07.462276,LinkedIn,Software / Tech,2026-06-06
linkedin_4418038317,Software Developer - Integration and Asset Management: 26-01073,"Akraya, Inc.",2026-06-06T20:50:07.464194,LinkedIn,Software / Tech,2026-06-06
linkedin_4421510034,"Software Engineer, Full Stack",Harvey,2026-06-06T20:50:07.465929,LinkedIn,Software / Tech,2026-06-06
linkedin_4424735553,Application Engineer,FGF Brands,2026-06-06T20:50:07.467364,LinkedIn,Software / Tech,2026-06-06
linkedin_4424992057,Remote Software Developer,Turing,2026-06-06T20:50:07.468618,LinkedIn,Software / Tech,2026-06-06
linkedin_4424796102,Remote Software Engineer ($300/hr.),Turing,2026-06-06T20:50:07.470463,LinkedIn,Software / Tech,2026-06-06
linkedin_4424653213,Data Analyst,ERIS,2026-06-06T20:50:07.472588,LinkedIn,Data / Analytics,2026-06-06
linkedin_4424735900,Analyst - Prime Brokerage Data Analytics,TD,2026-06-06T20:50:07.477949,LinkedIn,Data / Analytics,2026-06-06
linkedin_4421170852,Business Systems Analyst,"Global Technical Talent, an Inc. 5000 Company",2026-06-06T20:50:07.482264,LinkedIn,Analyst / BA / SA,2026-06-06
linkedin_4424923568,Enumerator (Toronto),Canada Mortgage and Housing Corporation (CMHC) Société canadienne d'hypothèques et de logement(SCHL),2026-06-06T20:50:07.484218,LinkedIn,Other,2026-06-06
linkedin_4424741821,TDS Operations Analyst I,TD,2026-06-06T20:50:07.486520,LinkedIn,Analyst / BA / SA,2026-06-06
linkedin_4414944712,Business Analyst,Ontario Teachers' Pension Plan,2026-06-06T20:50:07.488641,LinkedIn,Analyst / BA / SA,2026-06-06
linkedin_4414687516,Business Analyst,Armstrong Fluid Technology,2026-06-06T20:50:07.508907,LinkedIn,Analyst / BA / SA,2026-06-06
linkedin_4406601870,"Analyst, Institutional Client Reporting (15-Month Contract)","Connor, Clark &amp; Lunn Financial Group (CC&amp;L)",2026-06-06T20:50:07.514693,LinkedIn,Analyst / BA / SA,2026-06-06
linkedin_4424601868,Business Systems Analyst – Identity &amp; Access Management (RSA Token Migration),Cognizant,2026-06-06T20:50:07.517153,LinkedIn,Analyst / BA / SA,2026-06-06
linkedin_4424605422,Business Analyst,The Home Depot Canada,2026-06-06T20:50:07.518732,LinkedIn,Analyst / BA / SA,2026-06-06
linkedin_4421187676,Business System Engineer - eCommerce Application(s) support/ Ingénieur/ingénieure en systèmes d'affaires - soutien aux applications de commerce électronique (eCommerce),TD SYNNEX North America,2026-06-06T20:50:07.520063,LinkedIn,Software / Tech,2026-06-06
linkedin_4424611719,Business Systems Analyst,Scotiabank,2026-06-06T20:50:07.530775,LinkedIn,Analyst / BA / SA,2026-06-06
linkedin_4424787707,ERP Systems Analyst - Business Central,Kitchener Executive Consultants Inc,2026-06-06T20:50:07.533851,LinkedIn,Analyst / BA / SA,2026-06-06
linkedin_4394248323,"Technical Analyst, IT Master Data",Kraft Heinz,2026-06-06T20:50:07.535225,LinkedIn,Analyst / BA / SA,2026-06-06
linkedin_4424749209,Business Operations &amp; Systems Analyst,Summit Water Group,2026-06-06T20:50:07.536615,LinkedIn,Analyst / BA / SA,2026-06-06
linkedin_4424573995,IT Systems Analyst,Rexall Pharmacy Group Ltd.,2026-06-06T20:50:07.537891,LinkedIn,Analyst / BA / SA,2026-06-06
linkedin_4424791185,Business Systems Analyst – Source to Pay (S2P),AspiringIT,2026-06-06T20:50:07.540916,LinkedIn,Analyst / BA / SA,2026-06-06
linkedin_4414747810,Clinical Educator (Permanent Full-Time),VHA Home HealthCare,2026-06-06T20:50:07.542270,LinkedIn,Clinical / Nursing,2026-06-06
linkedin_4424789246,Learnning Management Systems - Technology Product Owner,Roche,2026-06-06T20:50:07.544342,LinkedIn,Other,2026-06-06
linkedin_4406306814,Clinical Data Scientist,Sanofi,2026-06-06T20:50:07.547442,LinkedIn,Clinical / Nursing,2026-06-06
linkedin_4424970825,Learning Management Systems - Technology Product Owner,Roche,2026-06-06T20:50:07.549021,LinkedIn,Other,2026-06-06
linkedin_4424652063,Technical Customer Support Specialist,Nestmed,2026-06-06T20:50:07.552212,LinkedIn,Other,2026-06-06
linkedin_4414647520,CAN Technical Specialist,Teladoc Health Canada,2026-06-06T20:50:07.554723,LinkedIn,Other,2026-06-06
linkedin_4414632620,Software Developer (Toronto),DV Trading LLC,2026-06-06T20:50:07.556504,LinkedIn,Software / Tech,2026-06-06
linkedin_4414765886,Software Developer - New Graduate- 12 Month Contract,Siemens,2026-06-06T20:50:07.558130,LinkedIn,Software / Tech,2026-06-06
linkedin_4414722929,"Associate Data Developer, FinTech",Priceline,2026-06-06T20:50:07.559857,LinkedIn,Software / Tech,2026-06-06
linkedin_4414713887,Associate Java Developer,Priceline,2026-06-06T20:50:07.561419,LinkedIn,Software / Tech,2026-06-06
linkedin_4346024756,Machine Learning Engineer,TD,2026-06-06T20:50:07.562871,LinkedIn,Software / Tech,2026-06-06
linkedin_4384517015,Software Engineer,Gateway Services Inc.,2026-06-06T20:50:07.564524,LinkedIn,Software / Tech,2026-06-06
linkedin_4421178798,Intermediate Backend Engineer,Lush Fresh Handmade Cosmetics North America,2026-06-06T20:50:07.565981,LinkedIn,Software / Tech,2026-06-06
linkedin_4406145208,"Software Engineer, Backend (All Levels)",Zip,2026-06-06T20:50:07.567800,LinkedIn,Software / Tech,2026-06-06
linkedin_4424757714,Share point Developer,Capgemini,2026-06-06T20:50:07.569073,LinkedIn,Software / Tech,2026-06-06
linkedin_4425164212,RQ11175 - Software Developer - Junior,S M Software Solutions Inc,2026-06-07T20:02:18.012269,LinkedIn,Software / Tech,2026-06-07
linkedin_4395288819,Software Engineer - Payments,Cloudbeds,2026-06-07T20:02:18.020683,LinkedIn,Software / Tech,2026-06-07
linkedin_4425123941,Founding Software Engineer,Franchise Foundry,2026-06-07T20:02:18.022660,LinkedIn,Software / Tech,2026-06-07
linkedin_4425155079,Data Analysis Tutor,"Varsity Tutors, a Nerdy Company",2026-06-07T20:02:18.027317,LinkedIn,Other,2026-06-07
linkedin_4425425107,RQ11175 - Software Developer - Junior,S M Software Solutions Inc,2026-06-08T20:38:43.805448,LinkedIn,Software / Tech,2026-06-08
linkedin_4425064649,PHP Developer,FluenceSnap,2026-06-08T20:38:43.813224,LinkedIn,Software / Tech,2026-06-08
linkedin_4403796899,Intermediate Software Engineer,ecobee,2026-06-08T20:38:43.815713,LinkedIn,Software / Tech,2026-06-08
linkedin_4425493316,GenAI Developer,Capgemini,2026-06-08T20:38:43.819478,LinkedIn,Software / Tech,2026-06-08
linkedin_4367353579,"Software Engineer, Pricing",Lyft,2026-06-08T20:38:43.823548,LinkedIn,Software / Tech,2026-06-08
linkedin_4405726183,Quality Assurance Analyst,taq,2026-06-08T20:38:43.829260,LinkedIn,Analyst / BA / SA,2026-06-08
linkedin_4383168451,Full Stack Engineer,eBay,2026-06-08T20:38:43.831355,LinkedIn,Software / Tech,2026-06-08
linkedin_4374306039,Intermediate Machine Learning Engineer,Aviva Canada,2026-06-08T20:38:43.832871,LinkedIn,Software / Tech,2026-06-08
linkedin_4397390044,"Software Development Engineer, Measurement, Ad Tech, and Data Science (MADS)",Amazon,2026-06-08T20:38:43.872242,LinkedIn,Software / Tech,2026-06-08
linkedin_4376136709,"Software Development Engineer II - Advertising, Amazon, Reporting API",Amazon,2026-06-08T20:38:43.874031,LinkedIn,Software / Tech,2026-06-08
linkedin_4372656188,Founding Engineer - Gentube,GenTube,2026-06-08T20:38:43.875537,LinkedIn,Software / Tech,2026-06-08
linkedin_4385549020,"Systems Analyst, WMS - Hybrid - Richmond Hill (ON)",Staples Canada,2026-06-08T20:38:43.877478,LinkedIn,Analyst / BA / SA,2026-06-08
linkedin_4426392080,Frontend Engineer,Warner Music Group,2026-06-10T20:01:52.005029,LinkedIn,Software / Tech,2026-06-10
linkedin_4427066759,IT - Applications Developer - Entry,Raise,2026-06-10T20:01:52.010879,LinkedIn,Software / Tech,2026-06-10
linkedin_4426583254,Software Developer,Meridian Credit Union,2026-06-10T20:01:52.012697,LinkedIn,Software / Tech,2026-06-10
linkedin_4423155197,Email Developer,"Global Technical Talent, an Inc. 5000 Company",2026-06-10T20:01:52.014724,LinkedIn,Software / Tech,2026-06-10
linkedin_4426039455,Associate Java Full-Stack Developer,Priceline,2026-06-10T20:01:52.016473,LinkedIn,Software / Tech,2026-06-10
linkedin_4422772657,Automation QA,CGI,2026-06-10T20:01:52.017829,LinkedIn,Other,2026-06-10
linkedin_4426794564,Content Quality Assurance &amp; Auditor,"Global Technical Talent, an Inc. 5000 Company",2026-06-10T20:01:52.020278,LinkedIn,Other,2026-06-10
linkedin_4427079611,Content Quality Assurance &amp; Auditor,Raise,2026-06-10T20:01:52.023166,LinkedIn,Other,2026-06-10
linkedin_4426051078,Statistician,Alimentiv,2026-06-10T20:01:52.024629,LinkedIn,Other,2026-06-10
linkedin_4426711808,Order to Cash Deployment Analyst,Johnson &amp; Johnson Innovative Medicine,2026-06-10T20:01:52.036525,LinkedIn,Analyst / BA / SA,2026-06-10
linkedin_4423576878,"Coding Analyst II, Discharge Abstract Database (DAD)",University Health Network,2026-06-10T20:01:52.042512,LinkedIn,Analyst / BA / SA,2026-06-10
linkedin_4425529063,Research Analyst - Institute for Mental Health Policy Research,CAMH,2026-06-10T20:01:52.044180,LinkedIn,Analyst / BA / SA,2026-06-10
linkedin_4426105031,"MyChart Help Desk Administrator Care Exp, Quality &amp; Safety",St. Michael's Hospital,2026-06-10T20:01:52.045272,LinkedIn,Other,2026-06-10
linkedin_4427101568,Business Intelligence Analyst (Developer),Roche,2026-06-10T20:01:52.046343,LinkedIn,Software / Tech,2026-06-10
linkedin_4425543020,Research Analyst - Cundill Centre Research,CAMH,2026-06-10T20:01:52.047758,LinkedIn,Analyst / BA / SA,2026-06-10
linkedin_4427092060,Business Analysis Specialist,SE Health,2026-06-10T20:01:52.048882,LinkedIn,Other,2026-06-10
linkedin_4406537856,Data Solutions Consultant,Klick,2026-06-10T20:01:52.049888,LinkedIn,Other,2026-06-10
linkedin_4423576879,Research Associate II,University Health Network,2026-06-10T20:01:52.054946,LinkedIn,Other,2026-06-10
linkedin_4426168360,Consulting Statistician,Alimentiv,2026-06-10T20:01:52.055955,LinkedIn,Other,2026-06-10
linkedin_4426151425,Student Clinical Engineering SJHC,"St. Joseph's Health Centre, Toronto",2026-06-10T20:01:52.056899,LinkedIn,Software / Tech,2026-06-10
linkedin_4426148222,"Financial Analyst, FP&amp;A",Dentalcorp,2026-06-10T20:01:52.057933,LinkedIn,Analyst / BA / SA,2026-06-10
linkedin_4423168332,IT - Business Analyst - Level 1,Achēv,2026-06-10T20:01:52.058854,LinkedIn,Analyst / BA / SA,2026-06-10
linkedin_4427106250,Data Associate,TD,2026-06-10T20:01:52.059783,LinkedIn,Other,2026-06-10
linkedin_4406545674,Solutions Consultant,exacare ai,2026-06-10T20:01:52.060762,LinkedIn,Other,2026-06-10
linkedin_4427098594,Data Analyst,Viva Tech Solutions,2026-06-10T20:01:52.063542,LinkedIn,Data / Analytics,2026-06-10
linkedin_4427097368,"Medical Billing Specialist, DoctorCare",WELLSTAR Technologies,2026-06-10T20:01:52.064461,LinkedIn,Other,2026-06-10
linkedin_4426599021,Junior IT &amp; Operations Support,Ratehub.ca,2026-06-10T20:01:52.067003,LinkedIn,Other,2026-06-10
linkedin_4426741852,Junior HR Technology Solutions Analyst (18-Month Contract),KPMG Canada,2026-06-10T20:01:52.067989,LinkedIn,Analyst / BA / SA,2026-06-10
linkedin_4426752059,Junior HR Technology Solutions Analyst (18-Month Contract),KPMG Canada,2026-06-10T20:01:52.068953,LinkedIn,Analyst / BA / SA,2026-06-10
linkedin_4423180359,Technical Support Analyst,Fullsteam,2026-06-10T20:01:52.069952,LinkedIn,Analyst / BA / SA,2026-06-10
lever_pointclickcare_52de573a-db3a-401d-83b6-ab29525c399b,Canada- Technical Solutions Analyst,PointClickCare,2026-06-10T20:01:52.070861,Lever,Analyst / BA / SA,2026-06-10
lever_pointclickcare_64597a6f-76b4-404d-9632-1e031e56c585,US- Technical Solutions Analyst,PointClickCare,2026-06-10T20:01:52.077859,Lever,Analyst / BA / SA,2026-06-10
linkedin_4426189228,Front-End Developer,alertdriving®,2026-06-11T20:01:55.261636,LinkedIn,Software / Tech,2026-06-11
linkedin_4427645247,"Software Engineer, New Grad, Developer &amp; End User Experience Platform",Stripe,2026-06-11T20:01:55.268276,LinkedIn,Software / Tech,2026-06-11
linkedin_4427534778,Software Developer,SOTI,2026-06-11T20:01:55.269826,LinkedIn,Software / Tech,2026-06-11
linkedin_4426613407,MEAN Stack Developer,Iris Software Inc.,2026-06-11T20:01:55.270989,LinkedIn,Software / Tech,2026-06-11
linkedin_4426619842,Engineering Student - Software Fall 2026 (12-16 months),MDA Space,2026-06-11T20:01:55.272053,LinkedIn,Software / Tech,2026-06-11
linkedin_4427549102,Software Developer II,Aylo,2026-06-11T20:01:55.273158,LinkedIn,Software / Tech,2026-06-11
linkedin_4395482984,Software Developer,Autodesk,2026-06-11T20:01:55.274278,LinkedIn,Software / Tech,2026-06-11
linkedin_4427138879,Software Engineer II,TD,2026-06-11T20:01:55.277550,LinkedIn,Software / Tech,2026-06-11
linkedin_4426663229,Software Developer,Scotiabank,2026-06-11T20:01:55.278984,LinkedIn,Software / Tech,2026-06-11
linkedin_4426614407,Intermediate Software Engineer,PointClickCare,2026-06-11T20:01:55.280073,LinkedIn,Software / Tech,2026-06-11
linkedin_4427521630,Systems Software Engineer,Xanadu,2026-06-11T20:01:55.281625,LinkedIn,Software / Tech,2026-06-11
linkedin_4381776861,Emerging Technologies Developer,Fidelity Canada,2026-06-11T20:01:55.282888,LinkedIn,Software / Tech,2026-06-11
linkedin_4384756455,Agentic AI Developer,CGI,2026-06-11T20:01:55.284206,LinkedIn,Software / Tech,2026-06-11
linkedin_4426643580,"Software Engineer II, Backend (ML Training &amp; Serving)",Affirm,2026-06-11T20:01:55.285773,LinkedIn,Software / Tech,2026-06-11
linkedin_4426663224,Clinical Data Analyst Oncology &amp; Endoscopy,St. Michael's Hospital,2026-06-11T20:01:55.287028,LinkedIn,Data / Analytics,2026-06-11
linkedin_4426604215,Junior Analyst,ParagraphAI,2026-06-11T20:01:55.287969,LinkedIn,Analyst / BA / SA,2026-06-11
linkedin_4427585004,667 EN - EDC Poste pour nouveaux diplômés - Centre d’intelligence économique,Export Development Canada | Exportation et développement Canada,2026-06-11T20:01:55.289814,LinkedIn,Other,2026-06-11
linkedin_4427126886,OpenClaw Trace Contributor — AI Agent Data,Alignerr,2026-06-11T20:01:55.290847,LinkedIn,Other,2026-06-11
linkedin_4425626469,Clinical Research Analyst,University Health Network,2026-06-11T20:01:55.291736,LinkedIn,Clinical / Nursing,2026-06-11
linkedin_4424809108,Automation Analyst,Fidelity Canada,2026-06-11T20:01:55.292709,LinkedIn,Analyst / BA / SA,2026-06-11
linkedin_4425675716,Mobile App Development Intern (FlutterFlow / Mobile Development) – Co-op Students Only,Calm Courage Co.,2026-06-11T20:01:55.293589,LinkedIn,Co-op / Intern,2026-06-11
linkedin_4427626775,AI Scientist Co-op,CIBC,2026-06-11T20:01:55.294805,LinkedIn,Co-op / Intern,2026-06-11
linkedin_4423694637,Specialty Developer,"Global Technical Talent, an Inc. 5000 Company",2026-06-11T20:01:55.295860,LinkedIn,Software / Tech,2026-06-11
linkedin_4426678044,Product Engineering (Android &amp; Java),Allstate Canada,2026-06-11T20:01:55.297005,LinkedIn,Software / Tech,2026-06-11
linkedin_4426625923,Machine Learning Contractor (PT),Avolta Inc.,2026-06-11T20:01:55.297763,LinkedIn,Other,2026-06-11
linkedin_4427609277,"Scientifique I, Apprentissage automatique appliqué",TD,2026-06-11T20:01:55.298967,LinkedIn,Other,2026-06-11
linkedin_4426688004,"Associate, Systems &amp; Data",Trillium Health Partners,2026-06-11T20:01:55.299571,LinkedIn,Other,2026-06-11
linkedin_4427642839,Quality Business Analyst,Roche,2026-06-11T20:01:55.308992,LinkedIn,Analyst / BA / SA,2026-06-11
lever_pointclickcare_92bd0a33-a934-499a-81ec-b38956488cc5,Intermediate Software Engineer,PointClickCare,2026-06-11T20:01:55.310414,Lever,Software / Tech,2026-06-11
linkedin_4426957942,Full Stack Engineer,General Magic,2026-06-12T20:01:57.260617,LinkedIn,Software / Tech,2026-06-12
linkedin_4408446154,Associate QA - Contractor,Appnovation,2026-06-12T20:01:57.267825,LinkedIn,Other,2026-06-12
linkedin_4427693162,Software Engineer - YAML Experience,Alignerr,2026-06-12T20:01:57.270340,LinkedIn,Software / Tech,2026-06-12
linkedin_4428150244,System testing technician,Clubhouse Indoor Golf Canada Inc.,2026-06-12T20:01:57.272260,LinkedIn,Other,2026-06-12
linkedin_4427681271,Computer Vision &amp; ML Expert,Alignerr,2026-06-12T20:01:57.274002,LinkedIn,Other,2026-06-12
linkedin_4296398607,Machine Learning for Drug Discovery Post-Doctoral Research Fellow,The Hospital for Sick Children,2026-06-12T20:01:57.276791,LinkedIn,Other,2026-06-12
linkedin_4427900117,Health Informatics Analyst,Alignerr,2026-06-12T20:01:57.279335,LinkedIn,Health Informatics,2026-06-12
linkedin_4427687212,Nursing Informatics Specialist,Alignerr,2026-06-12T20:01:57.280327,LinkedIn,Health Informatics,2026-06-12
linkedin_4428109955,Operations Analyst,Borderless AI,2026-06-12T20:01:57.281154,LinkedIn,Analyst / BA / SA,2026-06-12
linkedin_4425301485,GenAI Creative Optimization/Performance Analyst (FMCG / Agency),Mediabistro,2026-06-12T20:01:57.282104,LinkedIn,Analyst / BA / SA,2026-06-12
linkedin_4424879434,Contrôleur qualité des données,TEHORA inc.,2026-06-12T20:01:57.283125,LinkedIn,Other,2026-06-12
linkedin_4354875993,Registered Pharmacy Technician,The Hospital for Sick Children,2026-06-12T20:01:57.287283,LinkedIn,Other,2026-06-12
linkedin_4426974300,Analyst Health Data,Ontario HIV Treatment Network,2026-06-12T20:01:57.288333,LinkedIn,Analyst / BA / SA,2026-06-12
linkedin_4426908795,Statistician,Alimentiv,2026-06-12T20:01:57.289952,LinkedIn,Other,2026-06-12
linkedin_4424813385,Business Intelligence Analyst,Spait Infotech,2026-06-12T20:01:57.290881,LinkedIn,Analyst / BA / SA,2026-06-12
linkedin_4428104124,Pharmacy Assistant – Operations &amp; Digital Experience,Mednow,2026-06-12T20:01:57.292109,LinkedIn,Other,2026-06-12
linkedin_4398409212,Client Services Coordinator,Bayshore HealthCare,2026-06-12T20:01:57.293074,LinkedIn,Other,2026-06-12
linkedin_4427997211,"Risk Analyst, Credit Risk Analysis &amp; Reporting (5084)",TD,2026-06-12T20:01:57.295922,LinkedIn,Analyst / BA / SA,2026-06-12
linkedin_4382161186,"Business Operations, Strategy &amp; Product Analyst",AppLovin,2026-06-12T20:01:57.296988,LinkedIn,Analyst / BA / SA,2026-06-12
linkedin_4416716296,"Analyst, Consulting - Performance Improvement",MNP,2026-06-12T20:01:57.297772,LinkedIn,Analyst / BA / SA,2026-06-12
linkedin_4361335494,Clinical Research Safety Associate,Everest Clinical Research,2026-06-12T20:01:57.298813,LinkedIn,Clinical / Nursing,2026-06-12
linkedin_4428176373,Business Analyst (Burlington),Wolseley Canada Inc.,2026-06-12T20:01:57.300224,LinkedIn,Analyst / BA / SA,2026-06-12
linkedin_4428127336,Systems Analyst -  Information Services,William Osler Health System,2026-06-12T20:01:57.304231,LinkedIn,Analyst / BA / SA,2026-06-12
linkedin_4428127500,Systems Analyst - Information Services,William Osler Health System,2026-06-12T20:01:57.305315,LinkedIn,Analyst / BA / SA,2026-06-12
linkedin_4428128399,Business Analyst,Canadian Tire Corporation,2026-06-12T20:01:57.306162,LinkedIn,Analyst / BA / SA,2026-06-12
linkedin_4428156073,Business Analyst,Stantec,2026-06-12T20:01:57.306969,LinkedIn,Analyst / BA / SA,2026-06-12
linkedin_4428140908,Business Analyst,Stantec,2026-06-12T20:01:57.308104,LinkedIn,Analyst / BA / SA,2026-06-12
linkedin_4426659087,"Business Analyst II, Business Analysis",First National Financial LP,2026-06-12T20:01:57.308969,LinkedIn,Analyst / BA / SA,2026-06-12
linkedin_4428158792,Business Analyst - Collateral/Trade,SPECTRAFORCE,2026-06-12T20:01:57.309867,LinkedIn,Analyst / BA / SA,2026-06-12
linkedin_4426976913,MOA - Ava EMR Support Specialist (Ontario),Ava Industries,2026-06-12T20:01:57.310794,LinkedIn,Other,2026-06-12
linkedin_4426985133,Health Records Administration Specialist,Schroeder Ambulatory Centre,2026-06-12T20:01:57.313784,LinkedIn,Health Admin / Records,2026-06-12
linkedin_4405352412,Research Programmer,Baycrest,2026-06-12T20:01:57.317096,LinkedIn,Software / Tech,2026-06-12
linkedin_4428132360,Desktop Analyst,Woodbine Entertainment,2026-06-12T20:01:57.318058,LinkedIn,Analyst / BA / SA,2026-06-12
linkedin_4427205757,Support Agent,Survalent,2026-06-12T20:01:57.320746,LinkedIn,Other,2026-06-12
linkedin_4426918410,TMF Associate,Alimentiv,2026-06-12T20:01:57.324214,LinkedIn,Other,2026-06-12
linkedin_4427223517,Pharmacy Technician / Software Trainer,Box Labs,2026-06-12T20:01:57.325748,LinkedIn,Software / Tech,2026-06-12
linkedin_4398126982,Associate Software Engineer (Java),Scotiabank,2026-06-13T20:01:51.689519,LinkedIn,Software / Tech,2026-06-13
linkedin_4414983958,Application Developer,Sobeys,2026-06-13T20:01:51.695139,LinkedIn,Software / Tech,2026-06-13
linkedin_4427257881,"Junior Design Engineer, Canada",Ashby,2026-06-13T20:01:51.697074,LinkedIn,Software / Tech,2026-06-13
linkedin_4428380947,"Software Engineer, Backend",StackAdapt,2026-06-13T20:01:51.698972,LinkedIn,Software / Tech,2026-06-13
linkedin_4428375091,Android Developer,VySystems,2026-06-13T20:01:51.700438,LinkedIn,Software / Tech,2026-06-13
linkedin_4427260024,"Design Engineer, Canada",Ashby,2026-06-13T20:01:51.702038,LinkedIn,Software / Tech,2026-06-13
linkedin_4406754258,"Software Analyst Intern (Fall 2026, 12months)",Hitachi Rail,2026-06-13T20:01:51.704405,LinkedIn,Co-op / Intern,2026-06-13
linkedin_4427296730,Frontend Software Engineer,Themis Intelligence,2026-06-13T20:01:51.706626,LinkedIn,Software / Tech,2026-06-13
linkedin_4378982138,Software Engineer,Scotiabank,2026-06-13T20:01:51.707943,LinkedIn,Software / Tech,2026-06-13
linkedin_4427241493,Front-End Developer,Priceline,2026-06-13T20:01:51.709043,LinkedIn,Software / Tech,2026-06-13
linkedin_4417175013,"Full Stack Software Engineer, AutoSync",AutoTrader.ca,2026-06-13T20:01:51.710020,LinkedIn,Software / Tech,2026-06-13
linkedin_4417196484,Software Developer - Infrastructure,Geotab,2026-06-13T20:01:51.711057,LinkedIn,Software / Tech,2026-06-13
linkedin_4427277179,Statistician,Alimentiv,2026-06-13T20:01:51.712291,LinkedIn,Other,2026-06-13
linkedin_4414370478,Business Intelligence Specialist,Lifemark Health Group,2026-06-13T20:01:51.713261,LinkedIn,Other,2026-06-13
linkedin_4397613167,Cybersecurity GRC Analyst,Ontario Medical Association,2026-06-13T20:01:51.714273,LinkedIn,Analyst / BA / SA,2026-06-13
linkedin_4427275039,Consulting Statistician,Alimentiv,2026-06-13T20:01:51.715173,LinkedIn,Other,2026-06-13
linkedin_4428367250,Salesforce CRM Business Systems Analyst,McKesson,2026-06-13T20:01:51.716503,LinkedIn,Analyst / BA / SA,2026-06-13
linkedin_4414362752,Financial Analyst,Teladoc Health Canada,2026-06-13T20:01:51.717484,LinkedIn,Analyst / BA / SA,2026-06-13
linkedin_4346996345,HRIS Analyst - Repost,Toronto Community Housing,2026-06-13T20:01:51.718322,LinkedIn,Analyst / BA / SA,2026-06-13
linkedin_4428383035,"Specialist, Patient Care",Shoppers Drug Mart Specialty Health Network,2026-06-13T20:01:51.719056,LinkedIn,Clinical / Nursing,2026-06-13
linkedin_4382097143,Social Media Analyst,Fidelity Canada,2026-06-13T20:01:51.719719,LinkedIn,Analyst / BA / SA,2026-06-13
linkedin_4428306676,Business Analysis Specialist,TD,2026-06-13T20:01:51.720742,LinkedIn,Other,2026-06-13
linkedin_4427287085,Software Developer,Vayle,2026-06-13T20:01:51.722099,LinkedIn,Software / Tech,2026-06-13
linkedin_4428193652,ServiceNow Administrator/Developer,CGI,2026-06-13T20:01:51.723016,LinkedIn,Software / Tech,2026-06-13
linkedin_4417188482,Business Analysis Specialist,Scotiabank,2026-06-13T20:01:51.723912,LinkedIn,Other,2026-06-13
linkedin_4321390138,IT Business Analyst (Finance),REDPATH MINING,2026-06-13T20:01:51.727859,LinkedIn,Analyst / BA / SA,2026-06-13
linkedin_4428328121,"Analyst, Product Insights &amp; Competitive Research",RBC Insurance,2026-06-13T20:01:51.728806,LinkedIn,Analyst / BA / SA,2026-06-13
linkedin_4397204172,"Associate, Canada Strategy &amp; Operations",DoorDash,2026-06-13T20:01:51.729628,LinkedIn,Other,2026-06-13
linkedin_4428315342,Business Systems Analyst - CMMS Administrator - Remote Canada,CBRE,2026-06-13T20:01:51.730477,LinkedIn,Analyst / BA / SA,2026-06-13
linkedin_4378975360,Business Analyst Specialist (Capital Markets Technology),Scotiabank,2026-06-13T20:01:51.731293,LinkedIn,Analyst / BA / SA,2026-06-13
linkedin_4427297208,RFPO Intermediate Financial Analyst (Hybrid Work Model),The Hospital for Sick Children,2026-06-13T20:01:51.732150,LinkedIn,Analyst / BA / SA,2026-06-13
linkedin_4428606235,Software Developer - Quantum Architecture,Xanadu,2026-06-14T11:23:31.446689,LinkedIn,Software / Tech,2026-06-14
linkedin_4427424257,Statistician,Alimentiv,2026-06-14T11:23:31.449934,LinkedIn,Other,2026-06-14
linkedin_4427430116,TMF Associate,Alimentiv,2026-06-14T11:23:31.450631,LinkedIn,Other,2026-06-14
linkedin_4414380744,Pharmacy Assistant,Bayshore HealthCare,2026-06-14T11:23:31.451103,LinkedIn,Other,2026-06-14
linkedin_4428373809,Resident Handling &amp; Revenue Analyst,Amica Senior Lifestyles,2026-06-14T11:23:31.451963,LinkedIn,Analyst / BA / SA,2026-06-14
linkedin_4382530169,"Analyst, Advanced Analytics",Fidelity Canada,2026-06-14T11:23:31.452485,LinkedIn,Data / Analytics,2026-06-14
linkedin_4427450064,Application Systems Analyst / Consultant,iPartner Consulting,2026-06-14T11:23:31.453095,LinkedIn,Analyst / BA / SA,2026-06-14
linkedin_4428387581,Pharmacy Assistant,Shoppers Drug Mart,2026-06-14T11:23:31.453535,LinkedIn,Other,2026-06-14
linkedin_4407227690,"Specialist, Operations Enablement Reporting (Questbank)",Questrade Financial Group,2026-06-14T11:23:31.453897,LinkedIn,Other,2026-06-14
linkedin_4418618947,Data Analyst 2.0 (Operations &amp; Performance),TEKsystems,2026-06-14T11:23:31.459694,LinkedIn,Data / Analytics,2026-06-14
linkedin_4400601863,Business Development Representative,Dandy,2026-06-14T11:23:31.461575,LinkedIn,Other,2026-06-14
linkedin_4409157030,WFM Analyst,BrokerLink,2026-06-14T11:23:31.462267,LinkedIn,Analyst / BA / SA,2026-06-14
linkedin_4427418643,Medical Receptionist,,2026-06-14T11:23:31.463023,LinkedIn,Other,2026-06-14
linkedin_4418418208,Compensation Analyst,Corpay,2026-06-14T11:23:31.463673,LinkedIn,Analyst / BA / SA,2026-06-14
linkedin_4399035969,Business Systems Analyst,IKO North America,2026-06-14T11:23:31.464263,LinkedIn,Analyst / BA / SA,2026-06-14
linkedin_4385744492,Business Consultant - Production Support &amp; UAT (ECH-ON),CAA Club Group,2026-06-14T11:23:31.464790,LinkedIn,Other,2026-06-14
linkedin_4388242063,"Implementation Management, Analyst (12 Months Fixed-Term Contract)",Interac Corp.,2026-06-14T11:23:31.465272,LinkedIn,Analyst / BA / SA,2026-06-14
linkedin_4414379424,"Analyst III, PMO Governance",Moneris,2026-06-14T11:23:31.465796,LinkedIn,Analyst / BA / SA,2026-06-14
linkedin_4407962683,Development Administration Analyst – Automation &amp; Process,Citi,2026-06-14T11:23:31.466328,LinkedIn,Analyst / BA / SA,2026-06-14
linkedin_4407956637,Solutions Architect (API &amp; Business Automation),Canada Life,2026-06-14T11:23:31.466808,LinkedIn,Other,2026-06-14
linkedin_4427284681,Administrative Co-Ordinator,The Hospital for Sick Children,2026-06-14T11:23:31.467323,LinkedIn,Other,2026-06-14
linkedin_4418472457,STR Filing Clerk,TEKsystems,2026-06-14T11:23:31.467801,LinkedIn,Other,2026-06-14
linkedin_4426040219,Health &amp; Safety Coordinator,NPAworldwide,2026-06-14T11:23:31.468304,LinkedIn,Other,2026-06-14
linkedin_4417195335,Team Assistant (SS&amp;P) - Permanent Part-Time,VHA Home HealthCare,2026-06-14T11:23:31.468768,LinkedIn,Admin / Clerical,2026-06-14
linkedin_4417186333,Bilingual Receptionist,CHANEL,2026-06-14T11:23:31.471409,LinkedIn,Other,2026-06-14
linkedin_4414376664,Administrative Assistant,Fidelity Canada,2026-06-14T11:23:31.471858,LinkedIn,Admin / Clerical,2026-06-14
linkedin_4427429743,Project Coordination &amp; Design Assistant,Urban Blueprint,2026-06-14T11:23:31.472348,LinkedIn,Other,2026-06-14
linkedin_4428399438,Pharmacy Student,Shoppers Drug Mart,2026-06-14T11:23:31.472784,LinkedIn,Other,2026-06-14
linkedin_4362971571,Pathologist,William Osler Health System,2026-06-14T11:23:31.473151,LinkedIn,Other,2026-06-14
linkedin_4399418833,Expeditor | Yonge Sheppard Centre,Cactus Club Cafe,2026-06-14T11:23:31.473569,LinkedIn,Other,2026-06-14
linkedin_4305920727,Cleaning Finished Goods and Inspection,Canada Goose,2026-06-14T11:23:31.473993,LinkedIn,Other,2026-06-14
linkedin_4407231823,(CAN) Asset Protection Associate,Walmart Canada,2026-06-14T11:23:31.474368,LinkedIn,Other,2026-06-14
linkedin_4391793720,Administrative Coordinator - Temporary,Baker Tilly Canada,2026-06-14T11:23:31.474764,LinkedIn,Other,2026-06-14
linkedin_4418463047,Human Resources Coordinator - Toronto,Bombardier,2026-06-14T11:23:31.475347,LinkedIn,Other,2026-06-14
linkedin_4417511868,Production Scheduling Analyst,ProAmpac,2026-06-14T11:23:31.475735,LinkedIn,Analyst / BA / SA,2026-06-14
linkedin_4341224543,Project Scheduler/Planner,E.S. FOX LIMITED,2026-06-14T11:23:31.476133,LinkedIn,Other,2026-06-14
linkedin_4428397787,Scheduler,Stevenson Memorial Hospital,2026-06-14T11:23:31.476644,LinkedIn,Other,2026-06-14
greenhouse_d2l_7927064,Enterprise Application Administrator,D2L (Brightspace),2026-06-14T11:23:31.477034,Greenhouse,Other,2026-06-14
lever_mednow_b0f7b788-18a5-4bde-8bcc-c02bdeffbd28,Pharmacy Assistant – Operations & Digital Experience,MedNow,2026-06-14T11:23:31.477419,Lever,Other,2026-06-14
linkedin_4379449546,Business Quality Analyst (12 month contract role),Scotiabank,2026-06-14T20:05:07.657026,LinkedIn,Analyst / BA / SA,2026-06-14
linkedin_4385735990,IT Asset Management Analyst,CAA Club Group,2026-06-14T20:05:07.660485,LinkedIn,Analyst / BA / SA,2026-06-14
linkedin_4428655634,"People HRIS &amp; Data Governance Analyst, Deloitte Global People",Deloitte,2026-06-14T20:05:07.661584,LinkedIn,Analyst / BA / SA,2026-06-14
linkedin_4400656004,"Associate, Systems Management (Mainframe)",Broadridge,2026-06-14T20:05:07.662484,LinkedIn,Other,2026-06-14
linkedin_4362325310,TSYS Quality Analyst,CGI,2026-06-14T20:05:07.663641,LinkedIn,Analyst / BA / SA,2026-06-14
linkedin_4375968448,Integration Specialist (Contract),Spin Master,2026-06-14T20:05:07.672211,LinkedIn,Other,2026-06-14
linkedin_4428618387,"Systems Analyst – SOA/Java, OPS Compliance, Secure Gateway","CCI- Computer Consultants International, Inc.",2026-06-14T20:05:07.674939,LinkedIn,Analyst / BA / SA,2026-06-14
linkedin_4385492132,Salesforce Applications Developer,Robinhood,2026-06-14T20:05:07.681204,LinkedIn,Software / Tech,2026-06-14
linkedin_4427436925,Customer Service Representative - (FT),Prometric,2026-06-14T20:05:07.682815,LinkedIn,Other,2026-06-14
linkedin_4426577424,Junior Project Specialist,AtkinsRéalis,2026-06-14T20:05:07.684636,LinkedIn,Other,2026-06-14
linkedin_4428395488,Pharmacy Student,Shoppers Drug Mart,2026-06-14T20:05:07.689671,LinkedIn,Other,2026-06-14
linkedin_4407283876,Stock Unloader Associate,Walmart Canada,2026-06-14T20:05:07.691792,LinkedIn,Other,2026-06-14
linkedin_4414826434,(CAN) Overnight Produce Stocker,Walmart Canada,2026-06-14T20:05:07.692867,LinkedIn,Other,2026-06-14
linkedin_4288642080,Front Desk | First Canadian Place,Cactus Club Cafe,2026-06-14T20:05:07.694343,LinkedIn,Other,2026-06-14
linkedin_4428648999,Truck Unloader - Etobicoke - UniFirst Canada,UniFirst Corporation,2026-06-14T20:05:07.702158,LinkedIn,Other,2026-06-14
linkedin_4425756169,Adjudicator (Contract),Information and Privacy Commissioner of Ontario,2026-06-14T20:05:07.704596,LinkedIn,Other,2026-06-14
linkedin_4398860578,(CAN) Stock Unloader Associate,Walmart Canada,2026-06-14T20:05:07.706180,LinkedIn,Other,2026-06-14
linkedin_4409537383,Customer Service Representative,Motion,2026-06-14T20:05:07.707316,LinkedIn,Other,2026-06-14
linkedin_4428650442,Scheduler,Stevenson Memorial Hospital,2026-06-14T20:05:07.709085,LinkedIn,Other,2026-06-14
linkedin_4407958283,Production Planner,MDA Space,2026-06-14T20:05:07.710932,LinkedIn,Other,2026-06-14
linkedin_4428691980,Junior Full Stack Developer,SPC Student Price Card,2026-06-15T20:04:06.264495,LinkedIn,Software / Tech,2026-06-15
linkedin_4427707501,Junior Developer,UHN Foundation,2026-06-15T20:04:06.270408,LinkedIn,Software / Tech,2026-06-15
linkedin_4426428669,Intern Engineering,ecobee,2026-06-15T20:04:06.272092,LinkedIn,Co-op / Intern,2026-06-15
linkedin_4427757678,"Junior Design Engineer, Canada",Ashby,2026-06-15T20:04:06.273681,LinkedIn,Software / Tech,2026-06-15
linkedin_4426430614,Intern Engineering,ecobee,2026-06-15T20:04:06.275134,LinkedIn,Co-op / Intern,2026-06-15
linkedin_4428871474,DOT NET Full Stack Developer- Canada,RELQ TECHNOLOGIES,2026-06-15T20:04:06.276588,LinkedIn,Software / Tech,2026-06-15
linkedin_4428882519,Remote Software Engineer,Turing,2026-06-15T20:04:06.280453,LinkedIn,Software / Tech,2026-06-15
linkedin_4429134668,TD Asset Management Portfolio Analytics Developer Intern/Co-Op (Fall 2026),TD,2026-06-15T20:04:06.282381,LinkedIn,Co-op / Intern,2026-06-15
linkedin_4427730204,Product Engineering (Guidewire PolicyCenter Integration),Allstate Canada,2026-06-15T20:04:06.283333,LinkedIn,Software / Tech,2026-06-15
linkedin_4429139040,GCP Cloud Engineering Consultant (Dynatrace),CGI,2026-06-15T20:04:06.284184,LinkedIn,Software / Tech,2026-06-15
linkedin_4429126885,Guidewire PolicyCenter Rating Tester,CGI,2026-06-15T20:04:06.285083,LinkedIn,Other,2026-06-15
linkedin_4428815140,Research Analyst,College of Nurses of Ontario,2026-06-15T20:04:06.285935,LinkedIn,Analyst / BA / SA,2026-06-15
linkedin_4427743977,Data Analyst,Insight Global,2026-06-15T20:04:06.287127,LinkedIn,Data / Analytics,2026-06-15
linkedin_4429138802,Data Analyst,Mekanism,2026-06-15T20:04:06.288359,LinkedIn,Data / Analytics,2026-06-15
linkedin_4427763314,"Data Analyst, CIS",Reliance Home Comfort,2026-06-15T20:04:06.289251,LinkedIn,Data / Analytics,2026-06-15
linkedin_4427752788,Business Systems Analyst,Cognizant,2026-06-15T20:04:06.290020,LinkedIn,Analyst / BA / SA,2026-06-15
linkedin_4426436293,Intermediate QA Analyst,Miipe Quality Solutions,2026-06-15T20:04:06.290958,LinkedIn,Analyst / BA / SA,2026-06-15
linkedin_4427729553,QA Laboratory Systems Analyst,LCBO,2026-06-15T20:04:06.292300,LinkedIn,Analyst / BA / SA,2026-06-15
linkedin_4427726613,Business Analyst – Business Process Improvement (Retail),"Astra-North Infoteck Inc.  ~ Conquering today’s challenges, achieving tomorrow’s vision!",2026-06-15T20:04:06.293422,LinkedIn,Analyst / BA / SA,2026-06-15
linkedin_4429137914,Business Analyst - Temonos,Quantum World Technologies Inc.,2026-06-15T20:04:06.294342,LinkedIn,Analyst / BA / SA,2026-06-15
linkedin_4427497437,Technical Operations Analyst,,2026-06-15T20:04:06.295272,LinkedIn,Analyst / BA / SA,2026-06-15
linkedin_4429127746,Business Analyst,Luxoft,2026-06-15T20:04:06.296093,LinkedIn,Analyst / BA / SA,2026-06-15
linkedin_4429107589,"Consultant, Jupiter and Siebel Operations &amp; Data Support",Deloitte,2026-06-15T20:04:06.296946,LinkedIn,Other,2026-06-15
linkedin_4429132621,IT Operations Analyst II,TD,2026-06-15T20:04:06.297780,LinkedIn,Analyst / BA / SA,2026-06-15
linkedin_4427708454,Business Analyst,Empire Life,2026-06-15T20:04:06.299001,LinkedIn,Analyst / BA / SA,2026-06-15
linkedin_4428159663,Data Protection Analyst,BMO,2026-06-15T20:04:06.299831,LinkedIn,Analyst / BA / SA,2026-06-15
linkedin_4427716955,Business Systems Analyst (BSA) -Temonos,"Astra-North Infoteck Inc.  ~ Conquering today’s challenges, achieving tomorrow’s vision!",2026-06-15T20:04:06.300470,LinkedIn,Analyst / BA / SA,2026-06-15
linkedin_4429156267,"Consultant, Business System Analysis",CIBC,2026-06-15T20:04:06.301105,LinkedIn,Other,2026-06-15
linkedin_4425747895,Backend Developer [32893],Stealth Startup,2026-06-15T20:04:06.301704,LinkedIn,Software / Tech,2026-06-15
linkedin_4429138003,AI Engineer,Raas Infotek,2026-06-15T20:04:06.302268,LinkedIn,Software / Tech,2026-06-15
linkedin_4429139919,Full Stack Developer,Quantum World Technologies Inc.,2026-06-15T20:04:06.302816,LinkedIn,Software / Tech,2026-06-15
linkedin_4429117902,Data Engineer,Epsilon Solutions Ltd.,2026-06-15T20:04:06.303404,LinkedIn,Software / Tech,2026-06-15
linkedin_4427710491,Java/Angular Developer,Teranet Inc.,2026-06-15T20:04:06.303960,LinkedIn,Software / Tech,2026-06-15
linkedin_4426429564,UI Developer,Pacer Group,2026-06-15T20:04:06.304523,LinkedIn,Software / Tech,2026-06-15
linkedin_4429138831,React and TypeScript Developer,J&amp;M Group,2026-06-15T20:04:06.309331,LinkedIn,Software / Tech,2026-06-15
linkedin_4425797125,Full Stack Engineer,Compass Digital,2026-06-15T20:04:06.310057,LinkedIn,Software / Tech,2026-06-15
linkedin_4428879323,Application Developer,Sobeys,2026-06-15T20:04:06.310954,LinkedIn,Software / Tech,2026-06-15
linkedin_4429107677,Intermediate Software Developer,Environics Analytics,2026-06-15T20:04:06.311724,LinkedIn,Software / Tech,2026-06-15
linkedin_4423547769,Application Developer AI,National Consultants Professionals Ltd,2026-06-15T20:04:06.312714,LinkedIn,Software / Tech,2026-06-15
linkedin_4427488873,26-015 Health Information Management Coordinator – Scheduling and  Registration,SickKids Centre for Community Mental Health,2026-06-15T20:04:06.313420,LinkedIn,Health Admin / Records,2026-06-15
linkedin_4427561239,Patient Flow Coordinator,University Health Network,2026-06-15T20:04:06.314064,LinkedIn,Clinical / Nursing,2026-06-15
linkedin_4427482064,TMF Associate,Alimentiv,2026-06-15T20:04:06.314684,LinkedIn,Other,2026-06-15
linkedin_4429150739,Clinical Research Coordinator I,University Health Network,2026-06-15T20:04:06.315610,LinkedIn,Clinical / Nursing,2026-06-15
linkedin_4427494949,Program Officer,Canada's Drug Agency,2026-06-15T20:04:06.316271,LinkedIn,Other,2026-06-15
linkedin_4427714054,Patient Education Specialist,SeamlessMD,2026-06-15T20:04:06.316882,LinkedIn,Clinical / Nursing,2026-06-15
linkedin_4429149785,Implementation Consultant - Systems,TELUS Health,2026-06-15T20:04:06.317555,LinkedIn,Other,2026-06-15
linkedin_4429149033,Bilingual Patient Care Coordinator,Shoppers Drug Mart Specialty Health Network,2026-06-15T20:04:06.318212,LinkedIn,Clinical / Nursing,2026-06-15
linkedin_4429150500,Business Information Management Analyst-1,TD,2026-06-15T20:04:06.319092,LinkedIn,Analyst / BA / SA,2026-06-15
linkedin_4429158523,Receptionist,JLL,2026-06-15T20:04:06.319820,LinkedIn,Other,2026-06-15
linkedin_4427711969,"Coordinator, Shift Scheduling (Term Opportunity - 4 Months)",Greater Toronto Airports Authority,2026-06-15T20:04:06.320473,LinkedIn,Other,2026-06-15
linkedin_4429164649,"Field Representative II, Area Customer Service",Ricoh Colombia,2026-06-15T20:04:06.321082,LinkedIn,Other,2026-06-15
linkedin_4426427167,"Summer Student, Human Resources",Canadian Hearing Services,2026-06-15T20:04:06.321720,LinkedIn,Other,2026-06-15
linkedin_4428883966,"Field Representative II, Area Customer Service","Ricoh USA, Inc.",2026-06-15T20:04:06.322386,LinkedIn,Other,2026-06-15
linkedin_4426401842,Data Analyst,Gala Solutions,2026-06-15T20:04:06.323103,LinkedIn,Data / Analytics,2026-06-15
linkedin_4429145491,Data Analyst,STAFFWORXS,2026-06-15T20:04:06.323836,LinkedIn,Data / Analytics,2026-06-15
linkedin_4427712385,Dental Receptionist,View Dental Canada,2026-06-15T20:04:06.324446,LinkedIn,Other,2026-06-15
linkedin_4429162001,Receptionist (2026-10318),Verve Senior Living,2026-06-15T20:04:06.325017,LinkedIn,Other,2026-06-15
linkedin_4429150019,Pharmacy Assistant,Shoppers Drug Mart,2026-06-15T20:04:06.325622,LinkedIn,Other,2026-06-15
linkedin_4426422185,Receptionist,Torstaff,2026-06-15T20:04:06.326234,LinkedIn,Other,2026-06-15
linkedin_4428893458,Scheduling Coordinator (W-F Evening and Weekend Shifts),The Care Company,2026-06-15T20:04:06.326943,LinkedIn,Admin / Clerical,2026-06-15
linkedin_4425796790,Pharmacy Assistant,Cencora,2026-06-15T20:04:06.327667,LinkedIn,Other,2026-06-15
linkedin_4428800965,Pharmacy Assistant,Shoppers Drug Mart,2026-06-15T20:04:06.328270,LinkedIn,Other,2026-06-15
linkedin_4428041861,Jr. Software Developer,Align Technology,2026-06-16T23:18:04.061715,LinkedIn,Software / Tech,2026-06-16
linkedin_4428076647,Junior Full-Stack PHP Developer (Enterprise Web &amp; E-Commerce Ecosystem),ECA Tech Inc.,2026-06-16T23:18:04.242866,LinkedIn,Software / Tech,2026-06-16
linkedin_4426470559,Full Stack Developer,Konrad,2026-06-16T23:18:04.244288,LinkedIn,Software / Tech,2026-06-16
linkedin_4426853151,Intern Engineering,ecobee,2026-06-16T23:18:04.245148,LinkedIn,Co-op / Intern,2026-06-16
linkedin_4426863047,Full Stack Developer,CBC/Radio-Canada,2026-06-16T23:18:04.268688,LinkedIn,Software / Tech,2026-06-16
linkedin_4428066690,Software Engineer- II,PheedLoop,2026-06-16T23:18:04.269696,LinkedIn,Software / Tech,2026-06-16
linkedin_4426886125,Associate Engineer QA,ecobee,2026-06-16T23:18:04.270701,LinkedIn,Software / Tech,2026-06-16
linkedin_4426854138,Full Stack Developer,Radio-Canada,2026-06-16T23:18:04.297680,LinkedIn,Software / Tech,2026-06-16
linkedin_4429547433,"UI Developer-- Toronto, ON",J&amp;M Group,2026-06-16T23:18:04.298976,LinkedIn,Software / Tech,2026-06-16
linkedin_4429550885,Quality Assurance / Test Co-op (8 Month - Hybrid),Oncoustics,2026-06-16T23:18:04.299921,LinkedIn,Co-op / Intern,2026-06-16
linkedin_4429230751,Intern Engineering,Generac,2026-06-16T23:18:04.315671,LinkedIn,Co-op / Intern,2026-06-16
linkedin_4428410940,Java Production Support Engineer (Toronto Canada) Hybrid,Damcosoft,2026-06-16T23:18:04.316659,LinkedIn,Software / Tech,2026-06-16
linkedin_4426862397,Research Consultant,Mastercard,2026-06-16T23:18:04.317828,LinkedIn,Other,2026-06-16
linkedin_4426836644,Junior Data Analyst,Insight Global,2026-06-16T23:18:04.319183,LinkedIn,Data / Analytics,2026-06-16
linkedin_4426450646,Data Analyst,Konrad,2026-06-16T23:18:04.319968,LinkedIn,Data / Analytics,2026-06-16
linkedin_4426451646,Data Analyst,Konrad,2026-06-16T23:18:04.320894,LinkedIn,Data / Analytics,2026-06-16
linkedin_4429196168,Data Analyst - Fall 2026 Co-op/Intern,Definity,2026-06-16T23:18:04.321680,LinkedIn,Co-op / Intern,2026-06-16
linkedin_4428046022,Business Analyst,Capgemini,2026-06-16T23:18:04.322654,LinkedIn,Analyst / BA / SA,2026-06-16
linkedin_4407789942,Business Analyst - Salesforce,Fidelity Canada,2026-06-16T23:18:04.323392,LinkedIn,Analyst / BA / SA,2026-06-16
linkedin_4428400092,Business Systems Analyst – API &amp; Data Integration,"Astra-North Infoteck Inc.  ~ Conquering today’s challenges, achieving tomorrow’s vision!",2026-06-16T23:18:04.327067,LinkedIn,Analyst / BA / SA,2026-06-16
linkedin_4429742935,Business Technology Analyst CleverAnt,Deloitte,2026-06-16T23:18:04.336707,LinkedIn,Analyst / BA / SA,2026-06-16
linkedin_4426471843,Junior Business Analyst,AutoTrader.ca,2026-06-16T23:18:04.338209,LinkedIn,Analyst / BA / SA,2026-06-16
linkedin_4428411001,Business Analyst (Retail Banking),Lorven Technologies Inc.,2026-06-16T23:18:04.339752,LinkedIn,Analyst / BA / SA,2026-06-16
linkedin_4428055189,Business Systems Analyst,Hire DigITalent Inc.,2026-06-16T23:18:04.343800,LinkedIn,Analyst / BA / SA,2026-06-16
linkedin_4428051864,IT Business Analyst (SCM),REDPATH MINING,2026-06-16T23:18:04.344981,LinkedIn,Analyst / BA / SA,2026-06-16
linkedin_4429596231,IT Business Analyst,Roots,2026-06-16T23:18:04.345998,LinkedIn,Analyst / BA / SA,2026-06-16
linkedin_4429530819,Business Analyst,SPECTRAFORCE,2026-06-16T23:18:04.346995,LinkedIn,Analyst / BA / SA,2026-06-16
linkedin_4418222091,"Business Systems Analyst, Pensions &amp; Benefits",Scotiabank,2026-06-16T23:18:04.348070,LinkedIn,Analyst / BA / SA,2026-06-16
linkedin_4428424125,Storage Backup Analyst,Sun Life,2026-06-16T23:18:04.349891,LinkedIn,Analyst / BA / SA,2026-06-16
linkedin_4428407062,Analyste CleverAnt,Deloitte,2026-06-16T23:18:04.350955,LinkedIn,Analyst / BA / SA,2026-06-16
linkedin_4428423137,Storage Backup Analyst,Sun Life,2026-06-16T23:18:04.352025,LinkedIn,Analyst / BA / SA,2026-06-16
linkedin_4426885327,Healthcare Analyst,NxGen Tech-IT,2026-06-16T23:18:04.352951,LinkedIn,Analyst / BA / SA,2026-06-16
linkedin_4429707694,Business Enablement Analyst,BMO,2026-06-16T23:18:04.353752,LinkedIn,Analyst / BA / SA,2026-06-16
linkedin_4428047967,Business Analyst (m/f/d),RUTRONIK Electronics Worldwide,2026-06-16T23:18:04.354539,LinkedIn,Analyst / BA / SA,2026-06-16
linkedin_4429513854,Client Reporting Analyst,CI Financial,2026-06-16T23:18:04.362203,LinkedIn,Analyst / BA / SA,2026-06-16
linkedin_4428432028,"Business Analyst, Financial Management",Sun Life,2026-06-16T23:18:04.368315,LinkedIn,Analyst / BA / SA,2026-06-16
linkedin_4429560684,Financial Business Analyst,Crestview Strategy,2026-06-16T23:18:04.368767,LinkedIn,Analyst / BA / SA,2026-06-16
linkedin_4429511878,Clinical Quality Consultant - Multiple Sites - Women’s and Children’s Services,William Osler Health System,2026-06-16T23:18:04.369158,LinkedIn,Clinical / Nursing,2026-06-16
linkedin_4364041548,Clinical Trial IWRS Monitor (Overnight),Everest Clinical Research,2026-06-16T23:18:04.369651,LinkedIn,Clinical / Nursing,2026-06-16
linkedin_4429551951,Technical Support Officer,Mohawk College,2026-06-16T23:18:04.370418,LinkedIn,Other,2026-06-16
linkedin_4426857741,Epidemiologist,"Mount Sinai Hospital (Toronto), Sinai Health",2026-06-16T23:18:04.371004,LinkedIn,Other,2026-06-16
linkedin_4429534532,Technical Support - Clinical Service Desk Helpdesk Associate,NTT DATA North America,2026-06-16T23:18:04.371457,LinkedIn,Clinical / Nursing,2026-06-16
linkedin_4429725055,Clinical Coordinator - Ambulatory Multi Organ Transplant,University Health Network,2026-06-16T23:18:04.372137,LinkedIn,Clinical / Nursing,2026-06-16
linkedin_4426844690,Creative Technologist,Cineflix Media Inc.,2026-06-16T23:18:04.372566,LinkedIn,Other,2026-06-16
linkedin_4429544953,Search and Registration Clerk - ESC,Information Services Corporation ISC,2026-06-16T23:18:04.373055,LinkedIn,Other,2026-06-16
linkedin_4428020998,Community Associate,Merge Spaces,2026-06-16T23:18:04.373467,LinkedIn,Other,2026-06-16
linkedin_4428053067,Search &amp; Registration Clerk,ESC Corporate Services,2026-06-16T23:18:04.373878,LinkedIn,Other,2026-06-16
linkedin_4429237672,Patient Information Clerk- Ophthalmology Clinic,The Hospital for Sick Children,2026-06-16T23:18:04.383431,LinkedIn,Clinical / Nursing,2026-06-16
linkedin_4429579569,Quality and Patient Safety Specialist,Mackenzie Health,2026-06-16T23:18:04.385119,LinkedIn,Clinical / Nursing,2026-06-16
linkedin_4427088257,Assoc Quality Systems Specialist - 18 months contract,Medtronic,2026-06-16T23:18:04.387724,LinkedIn,Other,2026-06-16
linkedin_4426461859,TMF Associate,Alimentiv,2026-06-16T23:18:04.388770,LinkedIn,Other,2026-06-16
linkedin_4422750448,"Service Quality Specialist, Mississauga",Achēv,2026-06-16T23:18:04.389490,LinkedIn,Other,2026-06-16
linkedin_4426834777,Documentation Reviewer - Level 1,SGS,2026-06-16T23:18:04.390192,LinkedIn,Other,2026-06-16
linkedin_4429732192,"Drug Safety Associate - AE Intake &amp; Follow Up - Client Dedicated - Toronto, Canada",Fortrea,2026-06-16T23:18:04.390997,LinkedIn,Other,2026-06-16
linkedin_4425254794,Data Developer (Platform team),Dialogue,2026-06-16T23:18:04.414672,LinkedIn,Software / Tech,2026-06-16
linkedin_4427227238,Clinical Assistant Cardiology,St. Michael's Hospital,2026-06-16T23:18:04.439847,LinkedIn,Clinical / Nursing,2026-06-16
linkedin_4427240864,Clinical Assistant General Internal Medicine,St. Michael's Hospital,2026-06-16T23:18:04.441431,LinkedIn,Co-op / Intern,2026-06-16
linkedin_4427217377,Clinical Assistant Cardiac/Vascular Surgery,St. Michael's Hospital,2026-06-16T23:18:04.443364,LinkedIn,Clinical / Nursing,2026-06-16
linkedin_4428048127,Medical Imaging Technologist Assistant Medical Imaging MRI,St. Michael's Hospital,2026-06-16T23:18:04.474135,LinkedIn,Other,2026-06-16
linkedin_4427563208,Food Services Associate,University Health Network,2026-06-16T23:18:04.475494,LinkedIn,Other,2026-06-16
linkedin_4428099534,Patient Service Representative -CVH Patient Srv Rep,Trillium Health Partners,2026-06-16T23:18:04.477166,LinkedIn,Clinical / Nursing,2026-06-16
linkedin_4428408202,Dietary Aide (Finch Reactivation Care Centre),Humber River Health,2026-06-16T23:18:04.484192,LinkedIn,Other,2026-06-16
linkedin_4426622984,Storeskeeper-M Stores,Trillium Health Partners,2026-06-16T23:18:04.488445,LinkedIn,Other,2026-06-16
linkedin_4429191317,Patient Access Representative,Mackenzie Health,2026-06-16T23:18:04.517069,LinkedIn,Health Admin / Records,2026-06-16
linkedin_4399501186,Pharmacy Assistant,Walmart Canada,2026-06-16T23:18:04.521358,LinkedIn,Other,2026-06-16
linkedin_4429599597,Pharmacy Assistant,Shoppers Drug Mart,2026-06-16T23:18:04.530622,LinkedIn,Other,2026-06-16
linkedin_4428418131,Front Desk Associate - Yorkville,Myo,2026-06-16T23:18:04.534398,LinkedIn,Other,2026-06-16
linkedin_4419119266,Front Desk | Yonge Sheppard Centre,Cactus Club Cafe,2026-06-16T23:18:04.535452,LinkedIn,Other,2026-06-16
linkedin_4419129057,Front Desk | Sherway Gardens,Cactus Club Cafe,2026-06-16T23:18:04.537913,LinkedIn,Other,2026-06-16
linkedin_4407793754,(CAN) Food &amp; Consumables Team Associate,Walmart Canada,2026-06-16T23:18:04.538723,LinkedIn,Other,2026-06-16
linkedin_4429599598,Pharmacy Assistant,Shoppers Drug Mart,2026-06-16T23:18:04.539961,LinkedIn,Other,2026-06-16
linkedin_4423167670,Patient Services Specialist,FYidoctors,2026-06-16T23:18:04.541164,LinkedIn,Clinical / Nursing,2026-06-16
linkedin_4428049746,Medical Office Assistant/ Receptionist,Premium Cardiac Centre Burlington,2026-06-16T23:18:04.542292,LinkedIn,Admin / Clerical,2026-06-16
linkedin_4429562368,"Pharmacy Coordinator, Specialty Health (12 month contract)",McKesson,2026-06-16T23:18:04.543311,LinkedIn,Other,2026-06-16
linkedin_4428090272,Other,TNO - The Neighbourhood Organization,2026-06-16T23:18:04.544086,LinkedIn,Other,2026-06-16
